CLIENTE;NRO. VA01/VA21;POS VA01/VA21;CLASE DE DOC;REF.CLIENTE;DOC. REF;PRIORIDAD;MOT. RECHAZO;INDICADOR DE BLOQUEO;FECHA DE BLOQUEO;OPERADOR DE VA;CODIGO ITEM;DESCRIPCION ITEM;CANTIDAD SOLICITADA;TIPO DE ITEM;ESTADO ITEM;CENTRO;PLAZO LOGISTICO;FECHA DE EMISION NECESIDAD;FECHA ENTREGA ESPERADA;NRO. SOLPED;POS. SOLPED;REPARTOS;FECHA EMISION SOLPED;FECHA APROBACION SOLPED;GRUPO DE COMPRA;NRO. OC;POS. OC;ALMACEN OC;Q CANT. OC;OPERADOR OC;FECHA EMISION OC;FECHA APROBACION FINAL OC;PRIMERA FECHA ENTREGA OC;FECHA ENTREGA OC;GRUPO DE COMPRA OC;PROVEEDOR;ADJUDICADO EN OC;CANTIDAD PENDIENTE DE ADJUDICAR;CANTIDAD TOTAL PENDIENTE RECEP.;CANTIDAD TOTAL RECEPCIONADA;NRO. RECEPCION;FECHA RECEPCION;ALMACEN RECEPCION 1;NRO POSICION RECEPCION 1;Q RECEP. DE OC;FECHA SELLO;OPERADOR RECEPCION;TEXTO COMENTARIO;NRO. VL;CANTIDAD PICKING;Q VL;OPERADOR PICKING;FECHA PICKING;FECHA CONTABILIZACION VL;NRO DE CARGA;TXT CARGA;RESPONSABLE DE CARGA;FECHA DE CARGA;NRO. ALMACENAMIENTO;CANTIDAD ALMACENADA;OPERADOR ALMACENAMIENTO;FECHA ALMACENAMIENTO (LOGIN);FECHA DE ALMACENAMIENTO SELLO;FECHA CUMPLIMIENTO FINAL UNIFICADA;NRO. CONSUMO;CANT. CONSUMO;FECHA CONSUMO;LIBERACION SOLPED;COLOCACION OC;LIBERACIÓN OC;PLAZO ENTREGA EXCEDIDO;ENTREGA DEL PROVEEDOR;REGISTRO DE RECEPCION;PICKING;EMBALAJE;EXPEDICIÓN;TRASLADO;ENTREGA AL CLIENTE;DIAS DE DEMORA;NUMERO DE RESERVA
00365 RIO TINTO;1000066576;220;ZPAN;REPO STOCK;;2;;;;CSOSA;1018497;FILTRO COMBUSTIBLE;3,000;Materiales Stock S/Devol;ADJUDICADO;U365;1;10/5/2025;31/5/2025;10121141;220;1;10/5/2025;10/5/2025;AGV;4500100392;220;4401;1;ILAHORGUE;30/5/2025;30/5/2025;09/06/2025;9/6/2025;AGV;IGARRETA MAQUINAS S.A.;3,000;0,000;3,000;0,000;;;;0;0;;;;;0,000;0;;;;;;;;;0,000;;;;;;0,000;;0;20;0;29;0;0;0;0;0;0;0;0;0
00365 RIO TINTO;1000066582;180;ZPAN;REPO STOCK;;2;;;;CSOSA;1025998;FILTRO HIDRAULICO;1,000;Materiales Stock S/Devol;ADJUDICADO;U365;1;11/5/2025;31/5/2025;10121146;180;1;11/5/2025;2/6/2025;AGV;4500105850;260;4401;1;ILAHORGUE;12/8/2025;12/8/2025;30/08/2025;30/8/2025;AGV;BRAMAQ SRL;1,000;0,000;1,000;0,000;;;;0;0;;;;;0,000;0;;;;;;;;;0,000;;;;;;0,000;;22;71;0;111;0;0;0;0;0;0;0;0;0
00365 RIO TINTO;1000066582;310;ZPAN;REPO STOCK;;2;;;;CSOSA;1033373;FILTRO HIDRAULICO (SUCCION);1,000;Materiales Stock S/Devol;ADJUDICADO;U365;1;11/5/2025;6/6/2025;10121146;310;1;11/5/2025;2/6/2025;AGV;4500100495;310;4401;1;ILAHORGUE;2/6/2025;2/6/2025;15/07/2025;15/7/2025;AGV;GRUAS SAN BLAS S.A;1,000;0,000;1,000;0,000;;;;0;0;;;;;0,000;0;;;;;;;;;0,000;;;;;;0,000;;22;0;0;59;0;0;0;0;0;0;0;0;0
00365 RIO TINTO;1000066583;220;ZPAN;REPO STOCK;;2;;;;CSOSA;1002996;FILTRO RESP DE TANQUE;1,000;Materiales Stock;ADJUDICADO;U365;20;11/5/2025;31/5/2025;10121147;220;1;11/5/2025;12/5/2025;C29;4500099476;20;UT08;1;RPEREZ;19/5/2025;19/5/2025;31/05/2025;25/8/2025;C29;HAULOTTE ARGENTINA S.A.;1,000;0,000;1,000;0,000;;;;0;0;;;;;0,000;0;;;;;;;;;0,000;;;;;;0,000;;1;7;0;20;0;0;0;0;0;0;0;0;0
00365 RIO TINTO;1000066583;230;ZPAN;REPO STOCK;;2;;;;CSOSA;1002997;FILTRO CABINA INTERIOR;1,000;Materiales Stock;ADJUDICADO;U365;20;11/5/2025;31/5/2025;10121147;230;1;11/5/2025;12/5/2025;C29;4500099476;10;UT08;1;RPEREZ;19/5/2025;19/5/2025;31/05/2025;25/8/2025;C29;HAULOTTE ARGENTINA S.A.;1,000;0,000;1,000;0,000;;;;0;0;;;;;0,000;0;;;;;;;;;0,000;;;;;;0,000;;1;7;0;20;0;0;0;0;0;0;0;0;0
00365 RIO TINTO;1000066584;70;ZPAN;REPO STOCK;;0;;;;CSOSA;1018914;FILTRO DEL RESPIRADERO;1,000;Materiales Stock S/Devol;ADJUDICADO;U365;1;11/5/2025;31/5/2025;10121148;70;1;11/5/2025;11/5/2025;AGV;4500100720;70;4401;1;ILAHORGUE;4/6/2025;4/6/2025;13/06/2025;13/6/2025;AGV;GRUAS SAN BLAS S.A;1,000;0,000;1,000;0,000;;;;0;2;;;;;0,000;0;;;;;;;;;0,000;;;;;;0,000;;0;24;0;33;0;0;0;0;0;0;0;0;0
00365 RIO TINTO;1000067763;80;ZPAN;REPO MM - FILTROS;;0;;;;NGONCALVEZ;1025998;FILTRO HIDRAULICO;1,000;Materiales Stock S/Devol;ADJUDICADO;U365;1;29/5/2025;16/6/2025;10122678;80;1;29/5/2025;2/6/2025;AGV;4500105850;80;4401;1;ILAHORGUE;12/8/2025;12/8/2025;30/08/2025;30/8/2025;AGV;BRAMAQ SRL;1,000;0,000;1,000;0,000;;;;0;0;;;;;0,000;0;;;;;;;;;0,000;;;;;;0,000;;4;71;0;95;0;0;0;0;0;0;0;0;0
00365 RIO TINTO;1000068059;70;ZPAN;PED INICIAL EQ AGV M;;0;;;;NGONCALVEZ;1002592;FILTRO ACEITE MOTOR XUN;2,000;Materiales Stock;ADJUDICADO;U365;1;3/6/2025;21/6/2025;10123084;70;1;3/6/2025;6/6/2025;C29;4500101154;350;4401;1;RPEREZ;10/6/2025;18/6/2025;22/06/2025;22/6/2025;C29;SERVICIOS VIALES DE STA. FE SA;2,000;0,000;2,000;0,000;;;;0;0;;;;;0,000;0;;;;;;;;;0,000;;;;;;0,000;;3;4;8;21;0;0;0;0;0;0;0;0;0
00365 RIO TINTO;1000068174;400;ZPAN;REP STOCK 365;;0;;;;EJUAREZ;1027160;TUERCA DE CHCHILLA;46,000;Materiales Stock S/Devol;RECEPCIONADO;U365;20;5/6/2025;19/6/2025;10123257;400;1;5/6/2025;6/6/2025;C29;4500101179;20;UT08;1;WVENTURINI;10/6/2025;10/6/2025;19/06/2025;30/8/2025;C29;FERNANDEZ INSUA S.A.;46,000;0,000;0,000;46,000;5000146593;23/9/2025;UT08;1;3;23/9/2025;WVENTURINI;;;0,000;0;;;;;;;;;0,000;;;;;;0,000;;1;4;0;20;96;0;0;0;0;0;0;0;0
00365 RIO TINTO;1000068243;10;ZPAN;REP STOCK 365;;0;;;;EJUAREZ;1002592;FILTRO ACEITE MOTOR XUN;3,000;Materiales Stock;CUMPLIDO PARCIAL;U365;1;6/6/2025;20/6/2025;10123394;10;1;6/6/2025;9/6/2025;C29;4500101154;310;4401;1;RPEREZ;10/6/2025;18/6/2025;22/06/2025;22/6/2025;C29;SERVICIOS VIALES DE STA. FE SA;3,000;0,000;1,000;2,000;5000137068;30/6/2025;;0;1;30/6/2025;JBASSANI;;;0,000;0;;;;;;;;;0,000;;;;30/6/2025;;0,000;;3;1;8;22;8;0;0;0;0;0;0;10;0
00365 RIO TINTO;1000070808;30;ZPAN;REF STOCK 0365;;0;;;;AGUERRERO;1018911;FILTRO COLADOR COMBUSTIBLE;2,000;Materiales Stock S/Devol;ADJUDICADO;U365;1;23/7/2025;6/8/2025;10126793;30;1;23/7/2025;24/7/2025;AGV;4500114367;30;4401;1;MREY;1/12/2025;1/12/2025;15/01/2026;15/1/2026;AGV;GRUAS SAN BLAS S.A;2,000;0,000;2,000;0,000;;;;0;0;;;;;0,000;0;;;;;;;;;0,000;;;;;;0,000;;1;130;0;182;0;0;0;0;0;0;0;0;0
00365 RIO TINTO;1000070835;160;ZPAN;REPO STOCK;;0;;;;JZUVELSA;1004033;LAMPARA 24V-5W C CULOTE X UN;5,000;Materiales Stock;ADJUDICADO;U365;1;24/7/2025;7/8/2025;10126827;160;1;24/7/2025;24/7/2025;C29;4500105046;160;4401;1;ILAHORGUE;1/8/2025;1/8/2025;07/08/2025;7/8/2025;AGV;RAMOS MARIO SEBASTIAN;5,000;0,000;5,000;0,000;;;;0;0;;;;;0,000;0;;;;;;;;;0,000;;;;;;0,000;;0;8;0;20;0;0;0;0;0;0;0;0;0
00365 RIO TINTO;1000072825;10;ZPAN;OT 50020195 - INT 79;;0;;;;GGUEVARA;1035473;BURLETE DE PUERTA INDIVIDUAL VW 26-280;2,000;Materiales Stock;RECEPCIONADO;U365;20;26/8/2025;9/9/2025;10129464;10;1;26/8/2025;26/8/2025;C03;4500107439;10;UT08;1;RPEREZ;1/9/2025;1/9/2025;09/09/2025;9/9/2025;C03;DEVOL S.A.;2,000;0,000;0,000;2,000;5000148677;13/10/2025;UT08;1;1;13/10/2025;RPEREZ;;;0,000;0;;;;;;;;;0,000;;;;;;0,000;;0;6;0;20;34;0;0;0;0;0;0;0;0
00365 RIO TINTO;1000073104;220;ZPAN;REP STOCK 0365;;0;;;;AGUERRERO;1018857;CORREA DEL VENTILADOR;13,000;Materiales Stock S/Devol;ADJUDICADO;U365;1;1/9/2025;19/9/2025;10129814;210;1;1/9/2025;1/9/2025;AGV;4500111070;210;4401;1;MREY;17/10/2025;17/10/2025;10/11/2025;10/11/2025;AGV;BRAMAQ SRL;13,000;0,000;13,000;0,000;;;;0;0;;;;;0,000;0;;;;;;;;;0,000;;;;;;0,000;;0;46;0;72;0;0;0;0;0;0;0;0;0
00365 RIO TINTO;1000073104;230;ZPAN;REP STOCK 0365;;0;;;;AGUERRERO;1018864;CORREA ALTERNADOR;3,000;Materiales Stock S/Devol;ADJUDICADO;U365;1;1/9/2025;19/9/2025;10129814;220;1;1/9/2025;1/9/2025;AGV;4500111070;220;4401;1;MREY;17/10/2025;17/10/2025;10/11/2025;10/11/2025;AGV;BRAMAQ SRL;3,000;0,000;3,000;0,000;;;;0;0;;;;;0,000;0;;;;;;;;;0,000;;;;;;0,000;;0;46;0;72;0;0;0;0;0;0;0;0;0
00365 RIO TINTO;1000073369;10;ZPAN;REP STOCK 0365;;0;;;;AGUERRERO;1018856;CORREA DE COMPRESOR A/A;5,000;Materiales Stock S/Devol;ADJUDICADO;U365;1;4/9/2025;22/9/2025;10130226;10;1;4/9/2025;5/9/2025;AGV;4500111058;10;4401;1;MREY;17/10/2025;17/10/2025;30/10/2025;30/10/2025;AGV;BRAMAQ SRL;5,000;0,000;5,000;0,000;;;;0;0;;;;;0,000;0;;;;;;;;;0,000;;;;;;0,000;;1;42;0;58;0;0;0;0;0;0;0;0;0
00365 RIO TINTO;1000073641;40;ZPAN;REP STOCK 0365;;0;;;;AGUERRERO;1042779;CORREA ALTERNADOR;2,000;Materiales Stock;ADJUDICADO;U365;1;9/9/2025;23/9/2025;10130533;40;1;9/9/2025;10/9/2025;AGV;4500110665;40;4401;1;MREY;14/10/2025;14/10/2025;29/10/2025;29/10/2025;AGV;SERVICAM REPUESTOS S.R.L.;2,000;0,000;2,000;0,000;;;;0;0;;;;;0,000;0;;;;;;;;;0,000;;;;;;0,000;;1;34;0;56;0;0;0;0;0;0;0;0;0
00365 RIO TINTO;1000074055;20;ZPAN;OT -50020445- CM17-;;0;;;;CSOSA;1046296;POLEA;1,000;Materiales Stock;ADJUDICADO;U365;1;15/9/2025;29/9/2025;10131049;20;1;15/9/2025;18/9/2025;AGV;4500112758;20;4401;1;MREY;10/11/2025;10/11/2025;24/11/2025;24/11/2025;AGV;SERVICAM REPUESTOS S.R.L.;1,000;0,000;1,000;0,000;;;;0;0;;;;;0,000;0;;;;;;;;;0,000;;;;;;0,000;;3;53;0;76;0;0;0;0;0;0;0;0;0
00365 RIO TINTO;1000074055;30;ZPAN;OT -50020445- CM17-;;0;;;;CSOSA;1046297;ESPACIADOR  CARRETEL;1,000;Materiales Stock;ADJUDICADO;U365;1;15/9/2025;29/9/2025;10131049;30;1;15/9/2025;18/9/2025;AGV;4500112758;30;4401;1;MREY;10/11/2025;10/11/2025;24/11/2025;24/11/2025;AGV;SERVICAM REPUESTOS S.R.L.;1,000;0,000;1,000;0,000;;;;0;0;;;;;0,000;0;;;;;;;;;0,000;;;;;;0,000;;3;53;0;76;0;0;0;0;0;0;0;0;0
00365 RIO TINTO;1000074081;50;ZPAN;REPO STOCK;;0;;;;CSOSA;1034629;JUNTA TAPA PRINCIPAL;1,000;Materiales Stock;ADJUDICADO;U365;20;15/9/2025;24/4/2026;10131075;50;1;15/9/2025;15/9/2025;C03;4500127079;10;UT08;2;EFUNES;7/5/2026;7/5/2026;01/06/2026;1/6/2026;C03;GRUAS SAN BLAS S.A;1,000;0,000;1,000;0,000;;;;0;0;;;;;0,000;0;;;;;;;;;0,000;;;;;;0,000;;0;234;0;58;0;0;0;0;0;0;0;0;0
00365 RIO TINTO;1000074118;390;ZPAN;REP STOCK 0365;;0;;;;AGUERRERO;1018855;FILTRO COLADOR TANQUE DE COMBUSTIBLE;8,000;Materiales Stock S/Devol;ADJUDICADO;U365;1;16/9/2025;4/10/2025;10131113;390;1;16/9/2025;18/9/2025;AGV;4500111062;390;4401;1;MREY;17/10/2025;17/10/2025;07/11/2025;7/11/2025;AGV;BRAMAQ SRL;8,000;0,000;8,000;0,000;;;;0;0;;;;;0,000;0;;;;;;;;;0,000;;;;;;0,000;;2;29;0;54;0;0;0;0;0;0;0;0;0
00365 RIO TINTO;1000074118;450;ZPAN;REP STOCK 0365;;0;;;;AGUERRERO;1018901;FILTRO HIDRAULICO (STRAINER);2,000;Materiales Stock S/Devol;ADJUDICADO;U365;1;16/9/2025;4/10/2025;10131113;450;1;16/9/2025;18/9/2025;AGV;4500111062;450;4401;1;MREY;17/10/2025;17/10/2025;07/11/2025;7/11/2025;AGV;BRAMAQ SRL;2,000;0,000;2,000;0,000;;;;0;0;;;;;0,000;0;;;;;;;;;0,000;;;;;;0,000;;2;29;0;54;0;0;0;0;0;0;0;0;0
00365 RIO TINTO;1000074118;470;ZPAN;REP STOCK 0365;;0;;;;AGUERRERO;1018903;FILTRO COLADOR TANQUE DE COMBUSTIBLE;3,000;Materiales Stock S/Devol;ADJUDICADO;U365;1;16/9/2025;4/10/2025;10131113;470;1;16/9/2025;18/9/2025;AGV;4500111062;470;4401;1;MREY;17/10/2025;17/10/2025;07/11/2025;7/11/2025;AGV;BRAMAQ SRL;3,000;0,000;3,000;0,000;;;;0;0;;;;;0,000;0;;;;;;;;;0,000;;;;;;0,000;;2;29;0;54;0;0;0;0;0;0;0;0;0
00365 RIO TINTO;1000077053;10;ZPAN;50021345 47033 - REE;;0;;;;CSOSA;1047758;LAINA;16,000;Materiales Stock;RECEPCIONADO;U365;20;3/11/2025;17/11/2025;10135033;10;1;3/11/2025;3/11/2025;C03;4500112787;10;UT08;1;RPEREZ;10/11/2025;10/11/2025;17/11/2025;30/4/2026;C03;FINNING ARGENTINA S.A.;16,000;0,000;0,000;16,000;5000161989;12/2/2026;UT08;2;1;12/2/2026;FPRUDENTE;;;0,000;0;;;;;;;;;0,000;;;;;;0,000;;0;7;0;20;87;0;0;0;0;0;0;0;0
00365 RIO TINTO;1000077053;20;ZPAN;50021345 47033 - REE;;0;;;;CSOSA;1028542;SELLO DUO-CONE;1,000;Materiales Stock;RECEPCIONADO;U365;20;3/11/2025;17/11/2025;10135033;20;1;3/11/2025;3/11/2025;C03;4500112787;20;UT08;1;RPEREZ;10/11/2025;10/11/2025;17/11/2025;30/4/2026;C03;FINNING ARGENTINA S.A.;1,000;0,000;0,000;1,000;5000161989;12/2/2026;UT08;1;1;12/2/2026;FPRUDENTE;;;0,000;0;;;;;;;;;0,000;;;;;;0,000;;0;7;0;20;87;0;0;0;0;0;0;0;0
00365 RIO TINTO;1000077073;10;ZPAN;4000006096 Servicios;;0;;;;CSOSA;1036089;FLETE TTE CAMION RES PELIGROSOS;2,000;Servicios;ADJUDICADO;U365;1;3/11/2025;1/5/2026;10135062;10;1;3/11/2025;4/11/2025;C24;4500112977;10;4401;1;MPITTIA;12/11/2025;12/11/2025;01/05/2026;1/5/2026;C24;BARRIOS FROILAN;2,000;0,000;2,000;0,000;;;;0;0;;;;;0,000;0;;;;;;;;;0,000;;;;;;0,000;;1;8;0;20;0;0;0;0;0;0;0;0;0
00365 RIO TINTO;1000077073;20;ZPAN;4000006096 Servicios;;0;;;;CSOSA;1013096;TRATAMIENTO DE RESIDUOS PELIGROSOS Y48;3.000,000;Servicios;ADJUDICADO;U365;1;3/11/2025;1/5/2026;10135062;20;1;3/11/2025;4/11/2025;C24;4500112730;20;4401;1;MPITTIA;10/11/2025;16/1/2026;01/05/2026;1/5/2026;C24;BARRIOS FROILAN;3.000,000;0,000;3.000,000;0,000;;;;0;0;;;;;0,000;0;;;;;;;;;0,000;;;;;;0,000;;1;6;67;20;0;0;0;0;0;0;0;0;0
00365 RIO TINTO;1000077073;30;ZPAN;4000006096 Servicios;;0;;;;CSOSA;1013097;TRATAMIENTO DE RESIDUOS PELIGROSOS Y8;4.500,000;Servicios;ADJUDICADO;U365;1;3/11/2025;1/5/2026;10135062;30;1;3/11/2025;4/11/2025;C24;4500112730;30;4401;1;MPITTIA;10/11/2025;16/1/2026;01/05/2026;1/5/2026;C24;BARRIOS FROILAN;4.500,000;0,000;4.500,000;0,000;;;;0;0;;;;;0,000;0;;;;;;;;;0,000;;;;;;0,000;;1;6;67;20;0;0;0;0;0;0;0;0;0
00365 RIO TINTO;1000077073;40;ZPAN;4000006096 Servicios;;0;;;;CSOSA;1013098;TRATAMIENTO DE RESIDUOS PELIGROSOS Y9;1.500,000;Servicios;ADJUDICADO;U365;1;3/11/2025;1/5/2026;10135062;40;1;3/11/2025;4/11/2025;C24;4500112730;40;4401;1;MPITTIA;10/11/2025;16/1/2026;01/05/2026;1/5/2026;C24;BARRIOS FROILAN;1.500,000;0,000;1.500,000;0,000;;;;0;0;;;;;0,000;0;;;;;;;;;0,000;;;;;;0,000;;1;6;67;20;0;0;0;0;0;0;0;0;0
00365 RIO TINTO;1000078673;60;ZPAN;PEDIDO URGENTE;;20;;;;CSOSA;1029692;FILTRO DE ACEITE DE LA TRANSMISION;2,000;Materiales Stock;ADJUDICADO;U365;1;29/11/2025;13/12/2025;10137085;60;1;29/11/2025;2/12/2025;AGV;4500120885;60;4401;1;MREY;25/2/2026;25/2/2026;18/03/2026;18/3/2026;AGV;IGARRETA MAQUINAS S.A.;2,000;0,000;2,000;0,000;;;;0;0;;;;;0,000;0;;;;;;;;;0,000;;;;;;0,000;;3;85;0;115;0;0;0;0;0;0;0;0;0
00365 RIO TINTO;1000078730;120;ZPAN;REP STOCK 0365;;0;;;;AGUERRERO;1002211;CORREA VENTILADOR;12,000;Materiales Stock;CUMPLIDO PARCIAL;U365;20;1/12/2025;22/12/2025;10137152;120;1;1/12/2025;2/12/2025;C29;4500114707;10;UT08;1;FBERARDO;4/12/2025;4/12/2025;22/12/2025;15/5/2026;C29;DISTRIBUIDORA TRIGOMA DE BERTO;12,000;0,000;8,000;4,000;5000155283;11/12/2025;;0;1;11/12/2025;LNASUTI;;8000081772;4,000;1;LNASUTI;11/12/2025;17/12/2025;12672;1 365 CC;CCARRIL;15/12/2025;4900398003;4,000;JBASSANI;29/12/2025;17/12/2025;17/12/2025;;0,000;;1;2;0;20;-11;0;0;4;2;0;0;7;0
00365 RIO TINTO;1000078730;130;ZPAN;REP STOCK 0365;;0;;;;AGUERRERO;1002212;CORREA DE ALTERNADOR;20,000;Materiales Stock;CUMPLIDO PARCIAL;U365;20;1/12/2025;30/4/2026;10137152;130;1;1/12/2025;2/12/2025;C29;4500114708;10;UT08;1;FBERARDO;4/12/2025;4/12/2025;22/12/2025;15/5/2026;C29;GOMA 2000 DE TECNO PART S.A.;20,000;0,000;8,000;12,000;5000155321;12/12/2025;;0;1;12/12/2025;LNASUTI;;8000081798;12,000;1;LNASUTI;12/12/2025;17/12/2025;12672;1 365 CC;CCARRIL;15/12/2025;4900398006;12,000;JBASSANI;29/12/2025;17/12/2025;17/12/2025;;0,000;;1;2;0;-109;-10;0;0;3;2;0;0;0;0
00365 RIO TINTO;1000078730;650;ZPAN;REP STOCK 0365;;0;;;;AGUERRERO;1042786;FILTRO HIDRAULICO DE ALTA PRESION;2,000;Materiales Stock;ADJUDICADO;U365;1;1/12/2025;22/12/2025;10137152;650;1;1/12/2025;3/12/2025;AGV;4500116346;650;4401;1;MREY;30/12/2025;30/12/2025;30/01/2026;30/1/2026;AGV;GRUAS SAN BLAS S.A;2,000;0,000;2,000;0,000;;;;0;0;;;;;0,000;0;;;;;;;;;0,000;;;;;;0,000;;2;27;0;59;0;0;0;0;0;0;0;0;0
00365 RIO TINTO;1000078730;670;ZPAN;REP STOCK 0365;;0;;;;AGUERRERO;1047054;CORREA ALTERNADOR;3,000;Materiales Stock;ADJUDICADO;U365;1;1/12/2025;22/12/2025;10137152;670;1;1/12/2025;3/12/2025;AGV;4500119589;670;4401;1;MREY;6/2/2026;6/2/2026;15/02/2026;15/2/2026;AGV;SERVICAM REPUESTOS S.R.L.;3,000;0,000;3,000;0,000;;;;0;0;;;;;0,000;0;;;;;;;;;0,000;;;;;;0,000;;2;65;0;75;0;0;0;0;0;0;0;0;0
00365 RIO TINTO;1000079777;80;ZPAN;REP STOCK 0365;;0;;;;AGUERRERO;1042782;FILTRO DE CABINA;2,000;Materiales Stock;CUMPLIDO PARCIAL;U365;1;17/12/2025;7/1/2026;10138547;80;1;17/12/2025;18/12/2025;AGV;4500121975;10;4401;1;MREY;9/3/2026;9/3/2026;30/03/2026;20/4/2026;AGV;GRUAS SAN BLAS S.A;1,000;1,000;1,000;1,000;5000171796;6/5/2026;;0;1;6/5/2026;JBASSANI;;;0,000;0;;;;;;;;;0,000;;;;6/5/2026;;0,000;;1;81;0;102;37;0;0;0;0;0;0;119;0
00365 RIO TINTO;1000079945;90;ZPAN;REP STOCK 0365;;0;;;;AGUERRERO;1033329;CUCHILLAS 15 AGUJEROS;2,000;Materiales Stock S/Devol;SIN TRATAMIENTO;U365;1;22/12/2025;13/1/2026;10138817;90;1;22/12/2025;22/12/2025;AGV;;0;;0;;;;;;;;0,000;2,000;0,000;0,000;;;;0;0;;;;;0,000;0;;;;;;;;;0,000;;;;;;0,000;;0;0;0;0;0;0;0;0;0;0;0;0;0
00365 RIO TINTO;1000080831;150;ZPAN;REP STOCK 0365;;0;;;;AGUERRERO;1016655;CMASTRA CORREA ALTERNADOR;3,000;Materiales Stock S/Devol;ADJUDICADO;U365;1;12/1/2026;2/2/2026;10140109;150;1;12/1/2026;12/1/2026;AGV;4500119588;150;4401;1;MREY;6/2/2026;6/2/2026;15/02/2026;15/2/2026;AGV;SERVICAM REPUESTOS S.R.L.;3,000;0,000;3,000;0,000;;;;0;0;;;;;0,000;0;;;;;;;;;0,000;;;;;;0,000;;0;25;0;33;0;0;0;0;0;0;0;0;0
00365 RIO TINTO;1000080831;200;ZPAN;REP STOCK 0365;;0;;;;AGUERRERO;1018268;CORREA DE COMPRESOR A/A;5,000;Materiales Stock S/Devol;ADJUDICADO;U365;1;12/1/2026;2/2/2026;10140109;200;1;12/1/2026;12/1/2026;AGV;4500119588;200;4401;1;MREY;6/2/2026;6/2/2026;15/02/2026;15/2/2026;AGV;SERVICAM REPUESTOS S.R.L.;5,000;0,000;5,000;0,000;;;;0;0;;;;;0,000;0;;;;;;;;;0,000;;;;;;0,000;;0;25;0;33;0;0;0;0;0;0;0;0;0
00365 RIO TINTO;1000080831;220;ZPAN;REP STOCK 0365;;0;;;;AGUERRERO;1028117;FILTRO CABINA A/A;2,000;Materiales Stock S/Devol;SIN TRATAMIENTO;U365;1;12/1/2026;2/2/2026;10140109;220;1;12/1/2026;;AGV;;0;;0;;;;;;;;0,000;2,000;0,000;0,000;;;;0;0;;;;;0,000;0;;;;;;;;;0,000;;;;;;0,000;;0;0;0;0;0;0;0;0;0;0;0;0;0
00365 RIO TINTO;1000080954;100;ZPAN;REP STOCK 0365;;0;;;;AGUERRERO;1028119;FILTRO HIDRAULICO DE SUCCION;2,000;Materiales Stock S/Devol;ADJUDICADO;U365;1;13/1/2026;3/2/2026;10140236;100;1;13/1/2026;22/1/2026;AGV;4500122795;10;4401;1;MREY;18/3/2026;18/3/2026;30/03/2026;30/3/2026;AGV;TADEMAQ EQUIPOS PESADOS S.R.L.;2,000;0,000;2,000;0,000;;;;0;0;;;;;0,000;0;;;;;;;;;0,000;;;;;;0,000;;9;55;0;75;0;0;0;0;0;0;0;0;0
00365 RIO TINTO;1000082288;130;ZPAN;PEDIDO INICIAL;;0;;;;CSOSA;1016708;Filtro A/A Cabina Interior;8,000;Materiales Stock;CUMPLIDO PARCIAL;U365;20;3/2/2026;17/2/2026;10142059;130;1;3/2/2026;3/2/2026;C29;4500119710;100;UT08;1;RPEREZ;9/2/2026;12/2/2026;17/02/2026;19/5/2026;C29;GRUAS SAN BLAS S.A;8,000;0,000;2,000;6,000;5000170269;23/4/2026;;0;3;21/4/2026;LNASUTI;;8000089347;6,000;3;LBARTON;21/2/2026;24/4/2026;13578;1 365 AL;ALANDAVIDEA;23/2/2026;4900439737;6,000;JBASSANI;29/4/2026;24/4/2026;24/4/2026;;0,000;;0;6;3;20;63;2;0;2;60;0;0;71;0
00365 RIO TINTO;1000082288;190;ZPAN;PEDIDO INICIAL;;0;;;;CSOSA;1016716;CORREA POLI V SKT90;11,000;Materiales Stock;ADJUDICADO;U365;20;3/2/2026;11/4/2026;10142059;190;1;3/2/2026;3/2/2026;C03;4500119392;10;UT08;1;FBERARDO;5/2/2026;5/2/2026;25/03/2026;15/5/2026;C03;GRUAS SAN BLAS S.A;11,000;0,000;11,000;0,000;;;;0;0;;;;;0,000;0;;;;;;;;;0,000;;;;;;0,000;;0;2;0;3;0;0;0;0;0;0;0;0;0
00365 RIO TINTO;1000082288;200;ZPAN;PEDIDO INICIAL;;0;;;;CSOSA;1016717;CORREA A/A SKT90;11,000;Materiales Stock;CUMPLIDO PARCIAL;U365;20;3/2/2026;11/4/2026;10142059;200;1;3/2/2026;3/2/2026;C29;4500119392;20;UT08;1;FBERARDO;5/2/2026;5/2/2026;25/03/2026;15/5/2026;C03;GRUAS SAN BLAS S.A;11,000;0,000;6,000;5,000;5000171585;5/5/2026;;0;1;30/4/2026;LNASUTI;;8000089914;5,000;1;LNASUTI;5/5/2026;6/5/2026;14564;3 365 CC;CCARRIL;5/5/2026;4900443195;5,000;JBASSANI;11/5/2026;6/5/2026;6/5/2026;;0,000;;0;2;0;3;36;5;0;0;1;0;0;30;0
00365 RIO TINTO;1000082403;30;ZPAN;REPO MM;;20;;;;CSOSA;1018866;CORREA VENTILADOR  - ALTERNADOR;6,000;Materiales Stock S/Devol;ADJUDICADO;U365;1;4/2/2026;18/2/2026;10142282;30;1;4/2/2026;5/2/2026;AGV;4500122521;30;4401;1;MREY;13/3/2026;13/3/2026;18/02/2026;18/2/2026;AGV;EXENI LUIS ENRIQUE;6,000;0,000;6,000;0,000;;;;0;0;;;;;0,000;0;;;;;;;;;0,000;;;;;;0,000;;1;36;0;20;0;0;0;0;0;0;0;0;0
00365 RIO TINTO;1000082403;40;ZPAN;REPO MM;;20;;;;CSOSA;1018877;UÑAS;8,000;Materiales Stock S/Devol;ADJUDICADO;U365;1;4/2/2026;18/2/2026;10142282;40;1;4/2/2026;5/2/2026;AGV;4500126648;40;4401;1;ILAHORGUE;4/5/2026;4/5/2026;10/05/2026;10/5/2026;AGV;SERVICIOS VIALES DE STA. FE SA;8,000;0,000;8,000;0,000;;;;0;0;;;;;0,000;0;;;;;;;;;0,000;;;;;;0,000;;1;88;0;101;0;0;0;0;0;0;0;0;0
00365 RIO TINTO;1000082403;50;ZPAN;REPO MM;;20;;;;CSOSA;1018878;UÑAS SANY ROQUERAS;8,000;Materiales Stock S/Devol;SIN TRATAMIENTO;U365;1;4/2/2026;18/2/2026;10142282;50;1;4/2/2026;5/2/2026;AGV;;0;;0;;;;;;;;0,000;8,000;0,000;0,000;;;;0;0;;;;;0,000;0;;;;;;;;;0,000;;;;;;0,000;;1;0;0;0;0;0;0;0;0;0;0;0;0
00365 RIO TINTO;1000082403;60;ZPAN;REPO MM;;20;;;;CSOSA;1018879;PORTAUÑAS;8,000;Materiales Stock S/Devol;ADJUDICADO;U365;1;4/2/2026;18/2/2026;10142282;60;1;4/2/2026;5/2/2026;AGV;4500126648;60;4401;1;ILAHORGUE;4/5/2026;4/5/2026;10/05/2026;10/5/2026;AGV;SERVICIOS VIALES DE STA. FE SA;8,000;0,000;8,000;0,000;;;;0;0;;;;;0,000;0;;;;;;;;;0,000;;;;;;0,000;;1;88;0;101;0;0;0;0;0;0;0;0;0
00365 RIO TINTO;1000082403;70;ZPAN;REPO MM;;20;;;;CSOSA;1018880;SEGMENTOS;6,000;Materiales Stock S/Devol;SIN TRATAMIENTO;U365;1;4/2/2026;18/2/2026;10142282;70;1;4/2/2026;5/2/2026;AGV;;0;;0;;;;;;;;0,000;6,000;0,000;0,000;;;;0;0;;;;;0,000;0;;;;;;;;;0,000;;;;;;0,000;;1;0;0;0;0;0;0;0;0;0;0;0;0
00365 RIO TINTO;1000082403;180;ZPAN;REPO MM;;20;;;;CSOSA;1018912;FILTRO HIDRAULICO;2,000;Materiales Stock S/Devol;ADJUDICADO;U365;1;4/2/2026;18/2/2026;10142282;180;1;4/2/2026;5/2/2026;AGV;4500120151;180;4401;1;ILAHORGUE;13/2/2026;13/2/2026;20/04/2026;20/4/2026;AGV;GRUAS SAN BLAS S.A;2,000;0,000;2,000;0,000;;;;0;0;;;;;0,000;0;;;;;;;;;0,000;;;;;;0,000;;1;8;0;81;0;0;0;0;0;0;0;0;0
00365 RIO TINTO;1000082403;210;ZPAN;REPO MM;;20;;;;CSOSA;1018918;FILTRO LINEA PILOTO DE BOMBA;2,000;Materiales Stock S/Devol;SIN TRATAMIENTO;U365;1;4/2/2026;18/2/2026;10142282;210;1;4/2/2026;;AGV;;0;;0;;;;;;;;0,000;2,000;0,000;0,000;;;;0;0;;;;;0,000;0;;;;;;;;;0,000;;;;;;0,000;;0;0;0;0;0;0;0;0;0;0;0;0;0
00365 RIO TINTO;1000082403;320;ZPAN;REPO MM;;20;;;;CSOSA;1028207;BULONES SHANTUI;33,000;Materiales Stock S/Devol;ADJUDICADO;U365;1;4/2/2026;18/2/2026;10142282;320;1;4/2/2026;5/2/2026;AGV;4500121143;320;4401;1;MREY;27/2/2026;27/2/2026;18/03/2026;18/3/2026;AGV;SERVICIOS VIALES DE STA. FE SA;33,000;0,000;33,000;0,000;;;;0;0;;;;;0,000;0;;;;;;;;;0,000;;;;;;0,000;;1;22;0;48;0;0;0;0;0;0;0;0;0
00365 RIO TINTO;1000082403;430;ZPAN;REPO MM;;20;;;;CSOSA;1049602;FILTRO ACEITE MOTOR;2,000;Materiales Stock;SIN TRATAMIENTO;U365;1;4/2/2026;18/2/2026;10142282;430;1;4/2/2026;5/2/2026;AGV;;0;;0;;;;;;;;0,000;2,000;0,000;0,000;;;;0;0;;;;;0,000;0;;;;;;;;;0,000;;;;;;0,000;;1;0;0;0;0;0;0;0;0;0;0;0;0
00365 RIO TINTO;1000082403;440;ZPAN;REPO MM;;20;;;;CSOSA;1049604;FILTRO ACEITE MOTOR;2,000;Materiales Stock;SIN TRATAMIENTO;U365;1;4/2/2026;18/2/2026;10142282;440;1;4/2/2026;5/2/2026;AGV;;0;;0;;;;;;;;0,000;2,000;0,000;0,000;;;;0;0;;;;;0,000;0;;;;;;;;;0,000;;;;;;0,000;;1;0;0;0;0;0;0;0;0;0;0;0;0
00365 RIO TINTO;1000082403;450;ZPAN;REPO MM;;20;;;;CSOSA;1049605;FILTRO COMBUSTIBLE;2,000;Materiales Stock;SIN TRATAMIENTO;U365;1;4/2/2026;18/2/2026;10142282;450;1;4/2/2026;5/2/2026;AGV;;0;;0;;;;;;;;0,000;2,000;0,000;0,000;;;;0;0;;;;;0,000;0;;;;;;;;;0,000;;;;;;0,000;;1;0;0;0;0;0;0;0;0;0;0;0;0
00365 RIO TINTO;1000082403;460;ZPAN;REPO MM;;20;;;;CSOSA;1049607;FILTRO TRAMPA DE AGUA;2,000;Materiales Stock;SIN TRATAMIENTO;U365;1;4/2/2026;18/2/2026;10142282;460;1;4/2/2026;5/2/2026;AGV;;0;;0;;;;;;;;0,000;2,000;0,000;0,000;;;;0;0;;;;;0,000;0;;;;;;;;;0,000;;;;;;0,000;;1;0;0;0;0;0;0;0;0;0;0;0;0
00365 RIO TINTO;1000082643;10;ZPAN;OT 50023222 41081 RE;;0;;;;CSOSA;1049943;TUBO;1,000;Materiales Stock;ADJUDICADO;U365;20;9/2/2026;23/2/2026;10142559;10;1;9/2/2026;10/2/2026;C03;4500120553;10;UT08;1;WVENTURINI;23/2/2026;23/2/2026;03/03/2026;11/5/2026;C03;ESCANDINAVIA DEL PLATA SA;1,000;0,000;1,000;0,000;;;;0;0;;;;;0,000;0;;;;;;;;;0,000;;;;;;0,000;;1;13;0;28;0;0;0;0;0;0;0;0;0
00365 RIO TINTO;1000084008;160;ZPAN;CC6003 - PM_19 PIPIN;;20;;;;CSOSA;1012245;NIVEL DE BURBUJA DE 100CM;5,000;Materiales usuales;ADJUDICADO;U365;1;3/3/2026;17/3/2026;10144323;160;1;3/3/2026;3/3/2026;C27;4500121924;80;4401;1;JESPARZA;9/3/2026;9/3/2026;13/03/2026;13/3/2026;C27;FLORES CARLOS FELIPE Y OTROS S H;5,000;0,000;5,000;0,000;;;;0;0;;;;;0,000;0;;;;;;;;;0,000;;;;;;0,000;;0;6;0;16;0;0;0;0;0;0;0;0;0
00365 RIO TINTO;1000084048;20;ZPAN;50023663 33784-CILIN;;0;;;;CSOSA;1050697;ALOJAMIENTO;1,000;Materiales Stock;ADJUDICADO;U365;20;3/3/2026;30/4/2026;10144366;20;1;3/3/2026;3/3/2026;C03;4500121772;60;UT08;1;WVENTURINI;6/3/2026;6/3/2026;30/04/2026;15/5/2026;C03;IGARRETA MAQUINAS S.A.;1,000;0,000;1,000;0,000;;;;0;0;;;;;0,000;0;;;;;;;;;0,000;;;;;;0,000;;0;3;0;20;0;0;0;0;0;0;0;0;0
00365 RIO TINTO;1000084323;40;ZPAN;REPO STOCK;;0;;;;CSOSA;1002013;PANTALON JEAN T.42;16,000;Materiales Stock;RECEPCIONADO;U365;1;7/3/2026;8/4/2026;10144824;40;1;7/3/2026;7/3/2026;C28;4500122227;30;4401;1;GJULIANI;11/3/2026;11/3/2026;27/03/2026;27/3/2026;C28;FLORES CARLOS FELIPE Y OTROS S H;16,000;0,000;0,000;16,000;5000166326;20/3/2026;0365;3;1;20/3/2026;SROMERO;;;0,000;0;;;;;;;;;0,000;;;;20/3/2026;;0,000;;0;4;0;8;-7;0;0;0;0;0;0;0;0
00365 RIO TINTO;1000084323;50;ZPAN;REPO STOCK;;0;;;;CSOSA;1002015;PANTALON JEAN T.46;16,000;Materiales Stock;RECEPCIONADO;U365;1;7/3/2026;8/4/2026;10144824;50;1;7/3/2026;7/3/2026;C28;4500122227;40;4401;1;GJULIANI;11/3/2026;11/3/2026;27/03/2026;27/3/2026;C28;FLORES CARLOS FELIPE Y OTROS S H;16,000;0,000;0,000;16,000;5000166326;20/3/2026;0365;4;1;20/3/2026;SROMERO;;;0,000;0;;;;;;;;;0,000;;;;20/3/2026;;0,000;;0;4;0;8;-7;0;0;0;0;0;0;0;0
00365 RIO TINTO;1000084323;60;ZPAN;REPO STOCK;;0;;;;CSOSA;1002016;PANTALON JEAN T.48;16,000;Materiales Stock;RECEPCIONADO;U365;1;7/3/2026;8/4/2026;10144824;60;1;7/3/2026;7/3/2026;C28;4500122227;50;4401;1;GJULIANI;11/3/2026;11/3/2026;27/03/2026;27/3/2026;C28;FLORES CARLOS FELIPE Y OTROS S H;16,000;0,000;0,000;16,000;5000166326;20/3/2026;0365;5;1;20/3/2026;SROMERO;;;0,000;0;;;;;;;;;0,000;;;;20/3/2026;;0,000;;0;4;0;8;-7;0;0;0;0;0;0;0;0
00365 RIO TINTO;1000084323;70;ZPAN;REPO STOCK;;0;;;;CSOSA;1002017;PANTALON JEAN T.50;16,000;Materiales Stock;RECEPCIONADO;U365;1;7/3/2026;8/4/2026;10144824;70;1;7/3/2026;7/3/2026;C28;4500122227;60;4401;1;GJULIANI;11/3/2026;11/3/2026;27/03/2026;27/3/2026;C28;FLORES CARLOS FELIPE Y OTROS S H;16,000;0,000;0,000;16,000;5000166326;20/3/2026;0365;6;1;20/3/2026;SROMERO;;;0,000;0;;;;;;;;;0,000;;;;20/3/2026;;0,000;;0;4;0;8;-7;0;0;0;0;0;0;0;0
00365 RIO TINTO;1000084323;80;ZPAN;REPO STOCK;;0;;;;CSOSA;1002044;CAMISETA PRIMERA PIEL T.M;25,000;Materiales Stock;RECEPCIONADO;U365;1;7/3/2026;8/4/2026;10144824;80;1;7/3/2026;7/3/2026;C28;4500122224;10;4401;1;GJULIANI;11/3/2026;11/3/2026;27/03/2026;27/3/2026;C28;SOUTH COAST S. R. L.;25,000;0,000;0,000;25,000;5000166345;20/3/2026;0365;1;1;20/3/2026;SROMERO;;;0,000;0;;;;;;;;;0,000;;;;20/3/2026;;0,000;;0;4;0;8;-7;0;0;0;0;0;0;0;0
00365 RIO TINTO;1000084323;90;ZPAN;REPO STOCK;;0;;;;CSOSA;1002045;CAMISETA PRIMERA PIEL T.L;36,000;Materiales Stock;RECEPCIONADO;U365;1;7/3/2026;8/4/2026;10144824;90;1;7/3/2026;7/3/2026;C28;4500122224;20;4401;1;GJULIANI;11/3/2026;11/3/2026;27/03/2026;27/3/2026;C28;SOUTH COAST S. R. L.;36,000;0,000;0,000;36,000;5000166345;20/3/2026;0365;2;1;20/3/2026;SROMERO;;;0,000;0;;;;;;;;;0,000;;;;20/3/2026;;0,000;;0;4;0;8;-7;0;0;0;0;0;0;0;0
00365 RIO TINTO;1000084323;100;ZPAN;REPO STOCK;;0;;;;CSOSA;1002046;CAMISETA PRIMERA PIEL T.XL;36,000;Materiales Stock;RECEPCIONADO;U365;1;7/3/2026;8/4/2026;10144824;100;1;7/3/2026;7/3/2026;C28;4500122224;30;4401;1;GJULIANI;11/3/2026;11/3/2026;27/03/2026;27/3/2026;C28;SOUTH COAST S. R. L.;36,000;0,000;0,000;36,000;5000166345;20/3/2026;0365;3;1;20/3/2026;SROMERO;;;0,000;0;;;;;;;;;0,000;;;;20/3/2026;;0,000;;0;4;0;8;-7;0;0;0;0;0;0;0;0
00365 RIO TINTO;1000084323;110;ZPAN;REPO STOCK;;0;;;;CSOSA;1002047;CAMISETA PRIMERA PIEL T.XXL;31,000;Materiales Stock;RECEPCIONADO;U365;1;7/3/2026;8/4/2026;10144824;110;1;7/3/2026;7/3/2026;C28;4500122224;40;4401;1;GJULIANI;11/3/2026;11/3/2026;27/03/2026;27/3/2026;C28;SOUTH COAST S. R. L.;31,000;0,000;0,000;31,000;5000166345;20/3/2026;0365;4;1;20/3/2026;SROMERO;;;0,000;0;;;;;;;;;0,000;;;;20/3/2026;;0,000;;0;4;0;8;-7;0;0;0;0;0;0;0;0
00365 RIO TINTO;1000084323;120;ZPAN;REPO STOCK;;0;;;;CSOSA;1002048;CAMISETA PRIMERA PIEL T.XXXL;21,000;Materiales Stock;RECEPCIONADO;U365;1;7/3/2026;8/4/2026;10144824;120;1;7/3/2026;7/3/2026;C28;4500122224;50;4401;1;GJULIANI;11/3/2026;11/3/2026;27/03/2026;27/3/2026;C28;SOUTH COAST S. R. L.;21,000;0,000;0,000;21,000;5000166345;20/3/2026;0365;5;1;20/3/2026;SROMERO;;;0,000;0;;;;;;;;;0,000;;;;20/3/2026;;0,000;;0;4;0;8;-7;0;0;0;0;0;0;0;0
00365 RIO TINTO;1000084323;170;ZPAN;REPO STOCK;;0;;;;CSOSA;1002065;PANTALON PRIMERA PIEL T.M;25,000;Materiales Stock;RECEPCIONADO;U365;1;7/3/2026;8/4/2026;10144824;170;1;7/3/2026;7/3/2026;C28;4500122224;60;4401;1;GJULIANI;11/3/2026;11/3/2026;27/03/2026;27/3/2026;C28;SOUTH COAST S. R. L.;25,000;0,000;0,000;25,000;5000166345;20/3/2026;0365;6;1;20/3/2026;SROMERO;;;0,000;0;;;;;;;;;0,000;;;;20/3/2026;;0,000;;0;4;0;8;-7;0;0;0;0;0;0;0;0
00365 RIO TINTO;1000084323;180;ZPAN;REPO STOCK;;0;;;;CSOSA;1002067;PANTALON PRIMERA PIEL T.XL;36,000;Materiales Stock;RECEPCIONADO;U365;1;7/3/2026;8/4/2026;10144824;180;1;7/3/2026;7/3/2026;C28;4500122224;70;4401;1;GJULIANI;11/3/2026;11/3/2026;27/03/2026;27/3/2026;C28;SOUTH COAST S. R. L.;36,000;0,000;0,000;36,000;5000166345;20/3/2026;0365;7;1;20/3/2026;SROMERO;;;0,000;0;;;;;;;;;0,000;;;;20/3/2026;;0,000;;0;4;0;8;-7;0;0;0;0;0;0;0;0
00365 RIO TINTO;1000084323;190;ZPAN;REPO STOCK;;0;;;;CSOSA;1002068;PANTALON PRIMERA PIEL T.XXL;31,000;Materiales Stock;RECEPCIONADO;U365;1;7/3/2026;8/4/2026;10144824;190;1;7/3/2026;7/3/2026;C28;4500122224;80;4401;1;GJULIANI;11/3/2026;11/3/2026;27/03/2026;27/3/2026;C28;SOUTH COAST S. R. L.;31,000;0,000;0,000;31,000;5000166345;20/3/2026;0365;8;1;20/3/2026;SROMERO;;;0,000;0;;;;;;;;;0,000;;;;20/3/2026;;0,000;;0;4;0;8;-7;0;0;0;0;0;0;0;0
00365 RIO TINTO;1000084323;200;ZPAN;REPO STOCK;;0;;;;CSOSA;1002069;PANTALON PRIMERA PIEL T.XXXL;21,000;Materiales Stock;RECEPCIONADO;U365;1;7/3/2026;8/4/2026;10144824;200;1;7/3/2026;7/3/2026;C28;4500122224;90;4401;1;GJULIANI;11/3/2026;11/3/2026;27/03/2026;27/3/2026;C28;SOUTH COAST S. R. L.;21,000;0,000;0,000;21,000;5000166345;20/3/2026;0365;9;1;20/3/2026;SROMERO;;;0,000;0;;;;;;;;;0,000;;;;20/3/2026;;0,000;;0;4;0;8;-7;0;0;0;0;0;0;0;0
00365 RIO TINTO;1000084393;10;ZPAN;Sistema de asentamie;;1;;;;CSOSA;1012893;4660-1-350KPA;11,000;Materiales genericos;ADJUDICADO;MR01;20;9/3/2026;20/4/2026;10144889;10;1;9/3/2026;9/3/2026;C20;4500122632;10;2001;1;VBARRA;16/3/2026;16/3/2026;30/03/2026;8/5/2026;C20;GEOKON;11,000;0,000;11,000;0,000;;;;0;0;;;;;0,000;0;;;;;;;;;0,000;;;;;;0,000;;0;7;0;-1;0;0;0;0;0;0;0;0;0
00365 RIO TINTO;1000084393;20;ZPAN;Sistema de asentamie;;1;;;;CSOSA;1012893;02-335VT8-M;770,000;Materiales genericos;ADJUDICADO;MR01;20;9/3/2026;20/4/2026;10144889;20;1;9/3/2026;9/3/2026;C20;4500122632;20;2001;1;VBARRA;16/3/2026;16/3/2026;30/03/2026;8/5/2026;C20;GEOKON;770,000;0,000;770,000;0,000;;;;0;0;;;;;0,000;0;;;;;;;;;0,000;;;;;;0,000;;0;7;0;-1;0;0;0;0;0;0;0;0;0
00365 RIO TINTO;1000084393;30;ZPAN;Sistema de asentamie;;1;;;;CSOSA;1012893;4600-10M;770,000;Materiales genericos;ADJUDICADO;MR01;20;9/3/2026;20/4/2026;10144889;30;1;9/3/2026;9/3/2026;C20;4500122632;30;2001;1;VBARRA;16/3/2026;16/3/2026;30/03/2026;8/5/2026;C20;GEOKON;770,000;0,000;770,000;0,000;;;;0;0;;;;;0,000;0;;;;;;;;;0,000;;;;;;0,000;;0;7;0;-1;0;0;0;0;0;0;0;0;0
00365 RIO TINTO;1000084393;40;ZPAN;Sistema de asentamie;;1;;;;CSOSA;1012893;4650-4A;11,000;Materiales genericos;ADJUDICADO;MR01;20;9/3/2026;20/4/2026;10144889;40;1;9/3/2026;9/3/2026;C20;4500122632;40;2001;1;VBARRA;16/3/2026;16/3/2026;30/03/2026;8/5/2026;C20;GEOKON;11,000;0,000;11,000;0,000;;;;0;0;;;;;0,000;0;;;;;;;;;0,000;;;;;;0,000;;0;7;0;-1;0;0;0;0;0;0;0;0;0
00365 RIO TINTO;1000084393;50;ZPAN;Sistema de asentamie;;1;;;;CSOSA;1012893;03-250V0-M;22,000;Materiales genericos;ADJUDICADO;MR01;20;9/3/2026;20/4/2026;10144889;50;1;9/3/2026;9/3/2026;C20;4500122632;50;2001;1;VBARRA;16/3/2026;16/3/2026;30/03/2026;8/5/2026;C20;GEOKON;22,000;0,000;22,000;0,000;;;;0;0;;;;;0,000;0;;;;;;;;;0,000;;;;;;0,000;;0;7;0;-1;0;0;0;0;0;0;0;0;0
00365 RIO TINTO;1000084393;60;ZPAN;Sistema de asentamie;;1;;;;CSOSA;1012893;GK-404;1,000;Materiales genericos;ADJUDICADO;MR01;20;9/3/2026;20/4/2026;10144889;60;1;9/3/2026;9/3/2026;C20;4500122632;60;2001;1;VBARRA;16/3/2026;16/3/2026;30/03/2026;8/5/2026;C20;GEOKON;1,000;0,000;1,000;0,000;;;;0;0;;;;;0,000;0;;;;;;;;;0,000;;;;;;0,000;;0;7;0;-1;0;0;0;0;0;0;0;0;0
00365 RIO TINTO;1000084393;70;ZPAN;Sistema de asentamie;;1;;;;CSOSA;1012893;8940-01C-CBL;11,000;Materiales genericos;ADJUDICADO;MR01;20;9/3/2026;20/4/2026;10144889;70;1;9/3/2026;9/3/2026;C20;4500122632;70;2001;1;VBARRA;16/3/2026;16/3/2026;30/03/2026;8/5/2026;C20;GEOKON;11,000;0,000;11,000;0,000;;;;0;0;;;;;0,000;0;;;;;;;;;0,000;;;;;;0,000;;0;7;0;-1;0;0;0;0;0;0;0;0;0
00365 RIO TINTO;1000084393;80;ZPAN;Sistema de asentamie;;1;;;;CSOSA;1012893;KIT-GEONET-C;4,000;Materiales genericos;ADJUDICADO;MR01;20;9/3/2026;20/4/2026;10144889;80;1;9/3/2026;9/3/2026;C20;4500122632;80;2001;1;VBARRA;16/3/2026;16/3/2026;30/03/2026;8/5/2026;C20;GEOKON;4,000;0,000;4,000;0,000;;;;0;0;;;;;0,000;0;;;;;;;;;0,000;;;;;;0,000;;0;7;0;-1;0;0;0;0;0;0;0;0;0
00365 RIO TINTO;1000084393;90;ZPAN;Sistema de asentamie;;1;;;;CSOSA;1012893;FREIGHT CHARGE;1,000;Materiales genericos;ADJUDICADO;MR01;20;9/3/2026;20/4/2026;10144889;90;1;9/3/2026;9/3/2026;C20;4500122632;90;2001;1;VBARRA;16/3/2026;16/3/2026;30/03/2026;8/5/2026;C20;GEOKON;1,000;0,000;1,000;0,000;;;;0;0;;;;;0,000;0;;;;;;;;;0,000;;;;;;0,000;;0;7;0;-1;0;0;0;0;0;0;0;0;0
00365 RIO TINTO;1000084473;60;ZPAN;REP ALM 0365;;0;;;;AGUERRERO;1048576;CORREA LISA;19,000;Materiales Stock;DESPACHADO;U365;20;10/3/2026;7/4/2026;10144973;50;1;10/3/2026;10/3/2026;C03;4500122272;10;UT07;1;EFUNES;11/3/2026;11/3/2026;07/04/2026;7/4/2026;C03;RODRIGUEZ CLAUDIO;19,000;0,000;0,000;19,000;5000165725;17/3/2026;UT07;1;1;14/3/2026;AITURRIETA;;8000087274;19,000;1;AITURRIETA;17/3/2026;27/3/2026;13946;1B CRUZ DEL SUR 17.03.2026;ERODRIGUEZ;17/3/2026;;0,000;;;;;;0,000;;0;1;0;20;-24;3;0;0;10;0;0;0;0
00365 RIO TINTO;1000084860;20;ZPAN;PM N°88 TALLER;;0;;;;MGAUDELLI;1001834;CUBIERTA 265 65 17 DUELER A T 693;10,000;Materiales Stock;DESPACHADO;U365;20;14/3/2026;28/3/2026;10145460;20;1;14/3/2026;14/3/2026;C03;4500122705;20;UT08;1;WVENTURINI;17/3/2026;18/3/2026;28/03/2026;28/3/2026;C03;GOMERIA ALICIA S.A.;10,000;0,000;0,000;10,000;5000167041;27/3/2026;UT08;2;1;27/3/2026;LBARTON;;8000087945;10,000;1;LBARTON;27/3/2026;31/3/2026;14123;4 365 CC;CCARRIL;30/3/2026;;0,000;;;;;;0,000;;0;3;1;20;-1;0;0;3;1;0;0;0;0
00365 RIO TINTO;1000084862;250;ZPAN;PM N°27 - OT;;0;;;;MGAUDELLI;1028111;"Niple NPT 1"" Sch 80 de 200mm";4,000;Materiales Stock S/Devol;ADJUDICADO;U365;1;14/3/2026;24/3/2026;10145462;250;1;14/3/2026;16/3/2026;C35;4500125549;50;4401;1;FSOTO;20/4/2026;20/4/2026;24/03/2026;24/3/2026;C35;POBERAJ S.A.;4,000;0,000;4,000;0,000;;;;0;0;;;;;0,000;0;;;;;;;;;0,000;;;;;;0,000;;2;35;0;20;0;0;0;0;0;0;0;0;0
00365 RIO TINTO;1000085208;30;ZPAN;REP ALM 0365;;0;;;;AGUERRERO;1018869;CANTONERA HENSLEY;6,000;Materiales Stock S/Devol;SIN TRATAMIENTO;U365;1;20/3/2026;17/4/2026;10145881;30;1;20/3/2026;20/3/2026;AGV;;0;;0;;;;;;;;0,000;6,000;0,000;0,000;;;;0;0;;;;;0,000;0;;;;;;;;;0,000;;;;;;0,000;;0;0;0;0;0;0;0;0;0;0;0;0;0
00365 RIO TINTO;1000085295;30;ZPAN;OT-50024613;;0;;;;MGAUDELLI;1004519;PLACA CIERRE PATIN LATERAL;6,000;Materiales Stock;DESPACHADO;U365;20;22/3/2026;7/4/2026;10146030;30;1;22/3/2026;23/3/2026;C29;4500123514;80;UT08;1;RPEREZ;26/3/2026;30/3/2026;;7/4/2026;C03;AGRONORTE S.R.L.;6,000;0,000;0,000;6,000;5000168567;10/4/2026;UT08;7;1;7/4/2026;LBARTON;;8000089159;6,000;1;PAPPELLA;20/4/2026;14/4/2026;;;;;;0,000;;;;;;0,000;;1;3;4;-739.694;0;3;10;0;0;0;0;0;0
00365 RIO TINTO;1000085364;20;ZPAN;PM N°26 SSYMA;;0;;;;MGAUDELLI;1000042;BOTIQUIN 1ROS. AUXILIOS N 6;50,000;Materiales Stock;CUMPLIDO PARCIAL;U365;1;24/3/2026;7/4/2026;10146135;20;1;24/3/2026;25/3/2026;C28;4500126405;20;4401;2;GJULIANI;29/4/2026;29/4/2026;08/05/2026;8/5/2026;C28;FLORES CARLOS FELIPE Y OTROS S H;50,000;0,000;11,000;39,000;5000171186;30/4/2026;;0;1;30/4/2026;JBASSANI;;;0,000;0;;;;;;;;;0,000;;;;30/4/2026;;0,000;;1;35;0;51;-8;0;0;0;0;0;0;23;0
00365 RIO TINTO;1000085401;150;ZPAN;REP ALM 0365;;0;;;;AGUERRERO;1002198;CORREA DE MOTOR;2,000;Materiales Stock;ADJUDICADO;U365;1;25/3/2026;27/4/2026;10146171;150;1;25/3/2026;26/3/2026;C29;4500123745;10;4401;1;MFREIJOMIL;30/3/2026;30/3/2026;27/04/2026;12/5/2026;C29;FINNING ARGENTINA S.A.;2,000;0,000;2,000;0,000;;;;0;0;;;;;0,000;0;;;;;;;;;0,000;;;;;;0,000;;1;4;0;20;0;0;0;0;0;0;0;0;0
00365 RIO TINTO;1000085401;170;ZPAN;REP ALM 0365;;0;;;;AGUERRERO;1002207;CORREA ALTERNADOR;4,000;Materiales Stock;CUMPLIDO PARCIAL;U365;20;25/3/2026;27/4/2026;10146171;170;1;25/3/2026;26/3/2026;C29;4500123505;10;UT08;1;MFREIJOMIL;26/3/2026;26/3/2026;27/04/2026;15/5/2026;C29;GRUAS SAN BLAS S.A;4,000;0,000;1,000;3,000;5000170921;28/4/2026;;0;3;27/4/2026;LNASUTI;;8000089615;3,000;1;LNASUTI;28/4/2026;28/4/2026;14505;3 BULTO 365 CC;CCARRIL;28/4/2026;4900441123;3,000;JBASSANI;5/5/2026;28/4/2026;28/4/2026;;0,000;;1;0;0;20;0;1;0;0;0;0;0;8;0
00365 RIO TINTO;1000085401;390;ZPAN;REP ALM 0365;;0;;;;AGUERRERO;1003162;FILTRO EN LINEA DE PRESION;2,000;Materiales Stock;ADJUDICADO;U365;20;25/3/2026;27/4/2026;10146171;390;1;25/3/2026;26/3/2026;C29;4500124336;20;UT08;1;RPEREZ;7/4/2026;7/4/2026;16/04/2026;15/5/2026;C29;ROMAGNOLI SILVANA LORENA;2,000;0,000;2,000;0,000;;;;0;0;;;;;0,000;0;;;;;;;;;0,000;;;;;;0,000;;1;12;0;9;0;0;0;0;0;0;0;0;0
00365 RIO TINTO;1000085591;10;ZPAN;PEDIDO URGENTE INICI;;1;;;;CSOSA;1054684;FILTRO AIRE PRIMARIO;2,000;Materiales Stock;ADJUDICADO;U365;1;27/3/2026;10/4/2026;10146450;10;1;27/3/2026;27/3/2026;AGV;4500125407;10;4401;1;MREY;17/4/2026;17/4/2026;27/04/2026;27/4/2026;AGV;SERVICIOS VIALES DE STA. FE SA;2,000;0,000;2,000;0,000;;;;0;0;;;;;0,000;0;;;;;;;;;0,000;;;;;;0,000;;0;21;0;37;0;0;0;0;0;0;0;0;0
00365 RIO TINTO;1000085591;20;ZPAN;PEDIDO URGENTE INICI;;1;;;;CSOSA;1054686;FILTRO AIRE SECUNDARIO;2,000;Materiales Stock;ADJUDICADO;U365;1;27/3/2026;10/4/2026;10146450;20;1;27/3/2026;27/3/2026;AGV;4500125407;20;4401;1;MREY;17/4/2026;17/4/2026;27/04/2026;27/4/2026;AGV;SERVICIOS VIALES DE STA. FE SA;2,000;0,000;2,000;0,000;;;;0;0;;;;;0,000;0;;;;;;;;;0,000;;;;;;0,000;;0;21;0;37;0;0;0;0;0;0;0;0;0
00365 RIO TINTO;1000085591;30;ZPAN;PEDIDO URGENTE INICI;;1;;;;CSOSA;1028199;FILTRO REFRIGERANTE;2,000;Materiales Stock S/Devol;ADJUDICADO;U365;1;27/3/2026;10/4/2026;10146450;30;1;27/3/2026;27/3/2026;AGV;4500123994;30;4401;1;MREY;1/4/2026;1/4/2026;10/04/2026;10/4/2026;AGV;SERVICIOS VIALES DE STA. FE SA;2,000;0,000;2,000;0,000;;;;0;0;;;;;0,000;0;;;;;;;;;0,000;;;;;;0,000;;0;5;0;20;0;0;0;0;0;0;0;0;0
00365 RIO TINTO;1000085591;40;ZPAN;PEDIDO URGENTE INICI;;1;;;;CSOSA;1054687;FILTRO REFRIGERANTE;2,000;Materiales Stock;ADJUDICADO;U365;1;27/3/2026;10/4/2026;10146450;40;1;27/3/2026;27/3/2026;AGV;4500123994;40;4401;1;MREY;1/4/2026;1/4/2026;10/04/2026;10/4/2026;AGV;SERVICIOS VIALES DE STA. FE SA;2,000;0,000;2,000;0,000;;;;0;0;;;;;0,000;0;;;;;;;;;0,000;;;;;;0,000;;0;5;0;20;0;0;0;0;0;0;0;0;0
00365 RIO TINTO;1000085700;10;ZPAN;PM_34_CC6003_Herram-;;20;;;;CSOSA;1012896;HOJA P/ SIERRA SABLE ELEC 1200W DEWALT;30,000;Materiales genericos;RECEPCIONADO PARCIAL;U365;1;29/3/2026;12/4/2026;10146542;30;2;9/5/2026;9/5/2026;C35;4500127240;10;4401;2;FSOTO;11/5/2026;11/5/2026;14/05/2026;14/5/2026;C35;FLORES CARLOS FELIPE Y OTROS S H;30,000;0,000;16,000;14,000;5000172061;7/5/2026;;0;1;7/5/2026;JBASSANI;;;0,000;0;;;;;;;;;0,000;;;;7/5/2026;;0,000;;0;2;0;52;-7;0;0;0;0;0;0;25;0
00365 RIO TINTO;1000085725;10;ZPAS;REP ALM 0365 - ALM44;;0;;;;AGUERRERO;1002925;FILTRO AIRE PRIMARIO;4,000;Materiales Stock;SIN TRATAMIENTO;U365;1;30/3/2026;13/4/2026;;0;0;;;;;0;;0;;;;;;;;0,000;0,000;0,000;0,000;;;;0;0;;;;;0,000;0;;;;;;;;;0,000;;;;;;0,000;;0;0;0;0;0;0;0;0;0;0;0;0;0
00365 RIO TINTO;1000085726;40;ZPAN;REP ALM 0365;;0;;;;AGUERRERO;1001757;BOTIN MARRON/NEGRO FLOR P.ACERO N 41;11,000;Materiales Stock;ADJUDICADO;U365;1;30/3/2026;30/4/2026;10146568;40;1;30/3/2026;30/3/2026;C28;4500126094;70;4401;2;GJULIANI;27/4/2026;28/4/2026;15/05/2026;15/5/2026;C28;FLORES CARLOS FELIPE Y OTROS S H;11,000;0,000;11,000;0,000;;;;0;0;;;;;0,000;0;;;;;;;;;0,000;;;;;;0,000;;0;28;1;35;0;0;0;0;0;0;0;0;0
00365 RIO TINTO;1000085726;50;ZPAN;REP ALM 0365;;0;;;;AGUERRERO;1001759;BOTIN MARRON/NEGRO FLOR P.ACERO N 43;8,000;Materiales Stock;ADJUDICADO;U365;1;30/3/2026;30/4/2026;10146568;50;1;30/3/2026;30/3/2026;C28;4500126094;80;4401;2;GJULIANI;27/4/2026;28/4/2026;15/05/2026;15/5/2026;C28;FLORES CARLOS FELIPE Y OTROS S H;8,000;0,000;8,000;0,000;;;;0;0;;;;;0,000;0;;;;;;;;;0,000;;;;;;0,000;;0;28;1;35;0;0;0;0;0;0;0;0;0
00365 RIO TINTO;1000085726;90;ZPAN;REP ALM 0365;;0;;;;AGUERRERO;1002017;PANTALON JEAN T.50;12,000;Materiales Stock;ADJUDICADO;U365;1;30/3/2026;30/4/2026;10146568;90;1;30/3/2026;30/3/2026;C28;4500126094;90;4401;2;GJULIANI;27/4/2026;28/4/2026;15/05/2026;15/5/2026;C28;FLORES CARLOS FELIPE Y OTROS S H;12,000;0,000;12,000;0,000;;;;0;0;;;;;0,000;0;;;;;;;;;0,000;;;;;;0,000;;0;28;1;35;0;0;0;0;0;0;0;0;0
00365 RIO TINTO;1000085726;100;ZPAN;REP ALM 0365;;0;;;;AGUERRERO;1002018;PANTALON JEAN T.52;9,000;Materiales Stock;ADJUDICADO;U365;1;30/3/2026;30/4/2026;10146568;100;1;30/3/2026;30/3/2026;C28;4500126094;100;4401;2;GJULIANI;27/4/2026;28/4/2026;15/05/2026;15/5/2026;C28;FLORES CARLOS FELIPE Y OTROS S H;9,000;0,000;9,000;0,000;;;;0;0;;;;;0,000;0;;;;;;;;;0,000;;;;;;0,000;;0;28;1;35;0;0;0;0;0;0;0;0;0
00365 RIO TINTO;1000085726;120;ZPAN;REP ALM 0365;;0;;;;AGUERRERO;1002055;MEDIAS TERMICAS T. UNICO PARA -10 GRADOS;38,000;Materiales Stock;ADJUDICADO;U365;1;30/3/2026;30/4/2026;10146568;120;1;30/3/2026;30/3/2026;C28;4500126094;110;4401;2;GJULIANI;27/4/2026;28/4/2026;15/05/2026;15/5/2026;C28;FLORES CARLOS FELIPE Y OTROS S H;38,000;0,000;38,000;0,000;;;;0;0;;;;;0,000;0;;;;;;;;;0,000;;;;;;0,000;;0;28;1;35;0;0;0;0;0;0;0;0;0
00365 RIO TINTO;1000085726;140;ZPAN;REP ALM 0365;;0;;;;AGUERRERO;1002069;PANTALON PRIMERA PIEL T.XXXL;16,000;Materiales Stock;ADJUDICADO;U365;1;30/3/2026;30/4/2026;10146568;140;1;30/3/2026;30/3/2026;C28;4500126094;120;4401;2;GJULIANI;27/4/2026;28/4/2026;15/05/2026;15/5/2026;C28;FLORES CARLOS FELIPE Y OTROS S H;16,000;0,000;16,000;0,000;;;;0;0;;;;;0,000;0;;;;;;;;;0,000;;;;;;0,000;;0;28;1;35;0;0;0;0;0;0;0;0;0
00365 RIO TINTO;1000085726;270;ZPAN;REP ALM 0365;;0;;;;AGUERRERO;1042132;CAMISA JEAN T.46;30,000;Materiales Stock C/Devol;ADJUDICADO;U365;1;30/3/2026;30/4/2026;10146568;260;1;30/3/2026;30/3/2026;C28;4500126094;130;4401;2;GJULIANI;27/4/2026;28/4/2026;15/05/2026;15/5/2026;C28;FLORES CARLOS FELIPE Y OTROS S H;30,000;0,000;30,000;0,000;;;;0;0;;;;;0,000;0;;;;;;;;;0,000;;;;;;0,000;;0;28;1;35;0;0;0;0;0;0;0;0;0
00365 RIO TINTO;1000085808;10;ZPAN;REP ALM 0365;;0;;;;AGUERRERO;1001682;MAMELUCODE CLAMINADOL XL60GRBLANCO;190,000;Materiales Stock;ADJUDICADO;U365;1;31/3/2026;30/4/2026;10146663;10;1;31/3/2026;31/3/2026;C28;4500126094;50;4401;2;GJULIANI;27/4/2026;28/4/2026;15/05/2026;15/5/2026;C28;FLORES CARLOS FELIPE Y OTROS S H;190,000;0,000;190,000;0,000;;;;0;0;;;;;0,000;0;;;;;;;;;0,000;;;;;;0,000;;0;27;1;35;0;0;0;0;0;0;0;0;0
00365 RIO TINTO;1000085808;20;ZPAN;REP ALM 0365;;0;;;;AGUERRERO;1001756;BOTIN MARRON/NEGRO FLOR P.ACERO N 40;5,000;Materiales Stock;ADJUDICADO;U365;1;31/3/2026;30/4/2026;10146663;20;1;31/3/2026;31/3/2026;C28;4500126094;60;4401;2;GJULIANI;27/4/2026;28/4/2026;15/05/2026;15/5/2026;C28;FLORES CARLOS FELIPE Y OTROS S H;5,000;0,000;5,000;0,000;;;;0;0;;;;;0,000;0;;;;;;;;;0,000;;;;;;0,000;;0;27;1;35;0;0;0;0;0;0;0;0;0
00365 RIO TINTO;1000085808;30;ZPAN;REP ALM 0365;;0;;;;AGUERRERO;1002480;FILTRO ACEITE;9,000;Materiales Stock;ADJUDICADO;U365;1;31/3/2026;30/4/2026;10146663;30;1;31/3/2026;31/3/2026;C29;4500124017;20;4401;1;RPEREZ;1/4/2026;1/4/2026;12/04/2026;12/5/2026;C29;SERVICIOS VIALES DE STA. FE SA;9,000;0,000;9,000;0,000;;;;0;0;;;;;0,000;0;;;;;;;;;0,000;;;;;;0,000;;0;1;0;2;0;0;0;0;0;0;0;0;0
00365 RIO TINTO;1000085808;40;ZPAN;REP ALM 0365;;0;;;;AGUERRERO;1002566;FILTRO LINEA COMBUSTIBLE;8,000;Materiales Stock;ADJUDICADO;U365;1;31/3/2026;30/4/2026;10146663;40;1;31/3/2026;31/3/2026;C29;4500124017;30;4401;1;RPEREZ;1/4/2026;1/4/2026;12/04/2026;12/5/2026;C29;SERVICIOS VIALES DE STA. FE SA;8,000;0,000;8,000;0,000;;;;0;0;;;;;0,000;0;;;;;;;;;0,000;;;;;;0,000;;0;1;0;2;0;0;0;0;0;0;0;0;0
00365 RIO TINTO;1000085808;50;ZPAN;REP ALM 0365;;0;;;;AGUERRERO;1002832;FILTRO COMBUSTIBLE;5,000;Materiales Stock;ADJUDICADO;U365;1;31/3/2026;30/4/2026;10146663;50;1;31/3/2026;31/3/2026;C29;4500124017;10;4401;1;RPEREZ;1/4/2026;1/4/2026;12/04/2026;12/5/2026;C29;SERVICIOS VIALES DE STA. FE SA;5,000;0,000;5,000;0,000;;;;0;0;;;;;0,000;0;;;;;;;;;0,000;;;;;;0,000;;0;1;0;2;0;0;0;0;0;0;0;0;0
00365 RIO TINTO;1000085874;20;ZPAN;REP ALM 0365;;0;;;;AGUERRERO;1003161;FILTRO DE RETORNO;4,000;Materiales Stock;ADJUDICADO;U365;20;1/4/2026;1/5/2026;10146749;20;1;1/4/2026;4/4/2026;C29;4500124336;10;UT08;1;RPEREZ;7/4/2026;7/4/2026;16/04/2026;15/5/2026;C29;ROMAGNOLI SILVANA LORENA;4,000;0,000;4,000;0,000;;;;0;0;;;;;0,000;0;;;;;;;;;0,000;;;;;;0,000;;3;3;0;5;0;0;0;0;0;0;0;0;0
00365 RIO TINTO;1000085917;10;ZPAN;BOTINES URGENTES;;1;;;;CSOSA;1001756;BOTIN MARRON/NEGRO FLOR P.ACERO N 40;10,000;Materiales Stock;RECEPCIONADO;U365;1;1/4/2026;15/4/2026;10146832;10;1;1/4/2026;1/4/2026;C01;4500124059;40;4401;1;CSOSA;1/4/2026;1/4/2026;15/04/2026;15/4/2026;C01;ANTONIO B ATENOR E HIJOS S R L;10,000;0,000;0,000;10,000;5000167687;3/4/2026;0365;4;1;3/4/2026;TERAZU;;;0,000;0;;;;;;;;;0,000;;;;3/4/2026;;0,000;;0;0;0;20;-12;0;0;0;0;0;0;0;0
00365 RIO TINTO;1000085917;20;ZPAN;BOTINES URGENTES;;1;;;;CSOSA;1001757;BOTIN MARRON/NEGRO FLOR P.ACERO N 41;10,000;Materiales Stock;RECEPCIONADO;U365;1;1/4/2026;15/4/2026;10146832;20;1;1/4/2026;1/4/2026;C01;4500124059;30;4401;1;CSOSA;1/4/2026;1/4/2026;15/04/2026;15/4/2026;C01;ANTONIO B ATENOR E HIJOS S R L;10,000;0,000;0,000;10,000;5000167687;3/4/2026;0365;3;1;3/4/2026;TERAZU;;;0,000;0;;;;;;;;;0,000;;;;3/4/2026;;0,000;;0;0;0;20;-12;0;0;0;0;0;0;0;0
00365 RIO TINTO;1000085917;30;ZPAN;BOTINES URGENTES;;1;;;;CSOSA;1001759;BOTIN MARRON/NEGRO FLOR P.ACERO N 43;10,000;Materiales Stock;RECEPCIONADO;U365;1;1/4/2026;15/4/2026;10146832;30;1;1/4/2026;1/4/2026;C01;4500124059;10;4401;1;CSOSA;1/4/2026;1/4/2026;15/04/2026;15/4/2026;C01;ANTONIO B ATENOR E HIJOS S R L;10,000;0,000;0,000;10,000;5000167687;3/4/2026;0365;1;1;3/4/2026;TERAZU;;;0,000;0;;;;;;;;;0,000;;;;3/4/2026;;0,000;;0;0;0;20;-12;0;0;0;0;0;0;0;0
00365 RIO TINTO;1000085917;40;ZPAN;BOTINES URGENTES;;1;;;;CSOSA;1001758;BOTIN MARRON/NEGRO FLOR P.ACERO N 42;10,000;Materiales Stock;RECEPCIONADO;U365;1;1/4/2026;15/4/2026;10146832;40;1;1/4/2026;1/4/2026;C01;4500124059;20;4401;1;CSOSA;1/4/2026;1/4/2026;15/04/2026;15/4/2026;C01;ANTONIO B ATENOR E HIJOS S R L;10,000;0,000;0,000;10,000;5000167687;3/4/2026;0365;2;1;3/4/2026;TERAZU;;;0,000;0;;;;;;;;;0,000;;;;3/4/2026;;0,000;;0;0;0;20;-12;0;0;0;0;0;0;0;0
00365 RIO TINTO;1000085973;180;ZPAN;PM 29 BASE SALTA;;0;;;;CSOSA;1001920;ROLLO DE FLEJE PLASTICO 13MMX0,60MMX200M;2,000;Materiales Stock;ADJUDICADO;U365;1;3/4/2026;17/4/2026;10146877;180;1;3/4/2026;6/4/2026;C35;4500124273;170;4401;1;FSOTO;7/4/2026;7/4/2026;17/04/2026;8/4/2026;C35;GO CLEAN S.A.S.;2,000;0,000;2,000;0,000;;;;0;0;;;;;0,000;0;;;;;;;;;0,000;;;;;;0,000;;3;1;0;20;0;0;0;0;0;0;0;0;0
00365 RIO TINTO;1000086035;80;ZPAN;REP ALM 0365;;0;;;;AGUERRERO;1002015;PANTALON JEAN T.46;12,000;Materiales Stock;ADJUDICADO;U365;1;6/4/2026;6/5/2026;10146937;80;1;6/4/2026;6/4/2026;C28;4500126094;40;4401;2;GJULIANI;27/4/2026;28/4/2026;15/05/2026;15/5/2026;C28;FLORES CARLOS FELIPE Y OTROS S H;12,000;0,000;12,000;0,000;;;;0;0;;;;;0,000;0;;;;;;;;;0,000;;;;;;0,000;;0;21;1;29;0;0;0;0;0;0;0;0;0
00365 RIO TINTO;1000086067;10;ZPAN;PEDIDO INICIAL;;20;;;;CSOSA;1055070;ACEITE TRANSMISION - S6 ATF A295;3,000;Materiales Stock;ADJUDICADO PARCIAL;U365;1;6/4/2026;20/4/2026;10147003;10;1;6/4/2026;6/4/2026;C29;4500125013;10;4401;2;FBERARDO;14/4/2026;15/4/2026;30/04/2026;15/5/2026;C29;AGRO SUPPLIES SRL;2,000;1,000;3,000;0,000;;;;0;0;;;;;0,000;0;;;;;;;;;0,000;;;;;;0,000;;0;8;0;30;0;0;0;0;0;0;0;0;0
00365 RIO TINTO;1000086129;100;ZPAN;PM 91 TALLER;;20;;;;CSOSA;1012896;Electrodos Conarco C - 0303715 x kg;1,000;Materiales genericos;DESPACHADO;U365;20;7/4/2026;21/4/2026;10147050;100;1;7/4/2026;7/4/2026;C27;4500126607;10;UT08;1;PRODRIGUEZ;4/5/2026;4/5/2026;11/05/2026;11/5/2026;C27;FERRETERA SAN LUIS;1,000;0,000;0,000;1,000;5000172268;8/5/2026;UT08;1;1;6/5/2026;LNASUTI;;8000090156;1,000;1;LNASUTI;8/5/2026;12/5/2026;14653;1 365 CC;CCARRIL;9/5/2026;;0,000;;;;;;0,000;;0;27;0;40;-5;2;0;1;3;0;0;0;0
00365 RIO TINTO;1000086147;10;ZPAN;REPO;;0;;;;CSOSA;1001828;CUBIERTA 12.00 R20 TG85 (TRACCION);18,000;Materiales Stock;CUMPLIDO PARCIAL;U365;20;7/4/2026;5/5/2026;10147083;10;1;7/4/2026;7/4/2026;C03;4500124795;10;UT08;1;WVENTURINI;13/4/2026;15/4/2026;05/05/2026;15/5/2026;C03;NEUMATICOS GOODYEAR S R L;18,000;0,000;7,000;11,000;5000171473;4/5/2026;;0;1;4/5/2026;LNASUTI;;8000089847;11,000;1;LNASUTI;4/5/2026;6/5/2026;14564;3 365 CC;CCARRIL;5/5/2026;4900443187;11,000;JBASSANI;11/5/2026;6/5/2026;6/5/2026;;0,000;;0;6;2;20;-1;0;0;1;1;0;0;6;0
00365 RIO TINTO;1000086187;140;ZPAN;REP ALM 0365;;0;;;;AGUERRERO;1048886;FILTRO AIRE PRIMARIO ADMISION;4,000;Materiales Stock;SIN TRATAMIENTO;U365;1;8/4/2026;8/5/2026;10147132;130;1;8/4/2026;10/4/2026;AGV;;0;;0;;;;;;;;0,000;4,000;0,000;0,000;;;;0;0;;;;;0,000;0;;;;;;;;;0,000;;;;;;0,000;;2;0;0;0;0;0;0;0;0;0;0;0;0
00365 RIO TINTO;1000086268;10;ZPAN;REP ALM 0365;;0;;;;AGUERRERO;1001717;PROTECTOR FACIAL BURBUJA INCOLORO;13,000;Materiales Stock;ADJUDICADO;U365;1;9/4/2026;11/5/2026;10147237;10;1;9/4/2026;9/4/2026;C28;4500125316;40;4401;1;GJULIANI;17/4/2026;17/4/2026;08/05/2026;8/5/2026;C28;FLORES CARLOS FELIPE Y OTROS S H;13,000;0,000;13,000;0,000;;;;0;0;;;;;0,000;0;;;;;;;;;0,000;;;;;;0,000;;0;8;0;17;0;0;0;0;0;0;0;0;0
00365 RIO TINTO;1000086353;80;ZPAN;REP ALM 0365;;0;;;;AGUERRERO;1017005;CADENA PLASTICA ROJA Y BLANCA X ML;150,000;Materiales Stock S/Devol;ADJUDICADO;U365;1;10/4/2026;11/5/2026;10147343;80;1;10/4/2026;10/4/2026;C28;4500125316;30;4401;1;GJULIANI;17/4/2026;17/4/2026;08/05/2026;8/5/2026;C28;FLORES CARLOS FELIPE Y OTROS S H;150,000;0,000;150,000;0,000;;;;0;0;;;;;0,000;0;;;;;;;;;0,000;;;;;;0,000;;0;7;0;17;0;0;0;0;0;0;0;0;0
00365 RIO TINTO;1000086390;10;ZPAN;FILTROS VOLVO URG;;0;;;;MGAUDELLI;1002931;FILTRO ACEITE;20,000;Materiales Stock;RECEPCIONADO;U365;1;10/4/2026;24/4/2026;10147389;10;1;10/4/2026;10/4/2026;C35;4500124896;10;4401;1;FSOTO;13/4/2026;13/4/2026;15/04/2026;15/4/2026;C35;AGROABESAN SRL;20,000;0,000;0,000;20,000;5000168906;14/4/2026;0365;1;1;14/4/2026;SROMERO;;;0,000;0;;;;;;;;;0,000;;;;14/4/2026;;0,000;;0;3;0;11;-1;0;0;0;0;0;0;0;0
00365 RIO TINTO;1000086470;10;ZPAS;REP ALM 0365 - ALM44;;0;;;;AGUERRERO;1002276;PROTECTOR LATERAL BALDE;2,000;Materiales Stock;SIN TRATAMIENTO;U365;1;13/4/2026;27/4/2026;;0;0;;;;;0;;0;;;;;;;;0,000;0,000;0,000;0,000;;;;0;0;;;;;0,000;0;;;;;;;;;0,000;;;;;;0,000;;0;0;0;0;0;0;0;0;0;0;0;0;0
00365 RIO TINTO;1000086474;10;ZPAN;REP ALM 0365;;0;;;;AGUERRERO;1001701;GUANTE NITRILO AZUL PUÑO ELASTIZADO;41,000;Materiales Stock;ADJUDICADO;U365;1;13/4/2026;13/5/2026;10147491;10;1;13/4/2026;14/4/2026;C28;4500125316;10;4401;1;GJULIANI;17/4/2026;17/4/2026;08/05/2026;8/5/2026;C28;FLORES CARLOS FELIPE Y OTROS S H;41,000;0,000;41,000;0,000;;;;0;0;;;;;0,000;0;;;;;;;;;0,000;;;;;;0,000;;1;3;0;15;0;0;0;0;0;0;0;0;0
00365 RIO TINTO;1000086474;120;ZPAN;REP ALM 0365;;0;;;;AGUERRERO;1036794;GUANTE ANTICORTE GRADO 3 C/CERTIFICADO;215,000;Materiales Stock C/Devol;ADJUDICADO;U365;1;13/4/2026;13/5/2026;10147491;110;1;13/4/2026;14/4/2026;C28;4500125316;20;4401;1;GJULIANI;17/4/2026;17/4/2026;08/05/2026;8/5/2026;C28;FLORES CARLOS FELIPE Y OTROS S H;215,000;0,000;215,000;0,000;;;;0;0;;;;;0,000;0;;;;;;;;;0,000;;;;;;0,000;;1;3;0;15;0;0;0;0;0;0;0;0;0
00365 RIO TINTO;1000086578;10;ZPAN;OT 50025356- EX32;;0;;;;MGAUDELLI;1055322;ESPEJO RETROVISOR KOBELCO;1,000;Materiales Stock;ADJUDICADO;U365;1;14/4/2026;28/4/2026;10147690;10;1;14/4/2026;15/4/2026;AGV;4500126777;10;4401;1;ILAHORGUE;5/5/2026;5/5/2026;15/05/2026;15/5/2026;AGV;AGV MAQUINAS S.R.L.;1,000;0,000;1,000;0,000;;;;0;0;;;;;0,000;0;;;;;;;;;0,000;;;;;;0,000;;1;20;0;37;0;0;0;0;0;0;0;0;0
00365 RIO TINTO;1000086622;80;ZPAN;REP ALM 0365;;0;;;;AGUERRERO;1018864;CORREA ALTERNADOR;5,000;Materiales Stock S/Devol;ADJUDICADO;U365;1;15/4/2026;14/5/2026;10147713;80;1;15/4/2026;15/4/2026;AGV;4500126987;80;4401;1;ILAHORGUE;7/5/2026;7/5/2026;14/05/2026;14/5/2026;AGV;AGV MAQUINAS S.R.L.;5,000;0,000;5,000;0,000;;;;0;0;;;;;0,000;0;;;;;;;;;0,000;;;;;;0,000;;0;22;0;20;0;0;0;0;0;0;0;0;0
00365 RIO TINTO;1000086735;10;ZPAN;ESTUDIOS DE LABORATO;;20;;;;CSOSA;1022295;Ambiente Laboral MDHS 14/4 + NIOSH 7500;4,000;Servicios;ADJUDICADO;U365;1;16/4/2026;5/5/2026;10147867;10;1;16/4/2026;16/4/2026;C26;4500125557;10;4401;1;YCOLMAN;20/4/2026;22/4/2026;05/05/2026;5/5/2026;C26;GRUPO INDUSER SRL;4,000;0,000;4,000;0,000;;;;0;0;;;;;0,000;0;;;;;;;;;0,000;;;;;;0,000;;0;4;2;20;0;0;0;0;0;0;0;0;0
00365 RIO TINTO;1000086735;20;ZPAN;ESTUDIOS DE LABORATO;;20;;;;CSOSA;1022295;Ambiente Laboral Formaldehído NIOSH 2016;1,000;Servicios;ADJUDICADO;U365;1;16/4/2026;5/5/2026;10147867;20;1;16/4/2026;16/4/2026;C26;4500125557;20;4401;1;YCOLMAN;20/4/2026;22/4/2026;05/05/2026;5/5/2026;C26;GRUPO INDUSER SRL;1,000;0,000;1,000;0,000;;;;0;0;;;;;0,000;0;;;;;;;;;0,000;;;;;;0,000;;0;4;2;20;0;0;0;0;0;0;0;0;0
00365 RIO TINTO;1000086735;30;ZPAN;ESTUDIOS DE LABORATO;;20;;;;CSOSA;1022295;Ambiente Laboral MDHS 14/4 (06/2014);1,000;Servicios;ADJUDICADO;U365;1;16/4/2026;5/5/2026;10147867;30;1;16/4/2026;16/4/2026;C26;4500125557;30;4401;1;YCOLMAN;20/4/2026;22/4/2026;05/05/2026;5/5/2026;C26;GRUPO INDUSER SRL;1,000;0,000;1,000;0,000;;;;0;0;;;;;0,000;0;;;;;;;;;0,000;;;;;;0,000;;0;4;2;20;0;0;0;0;0;0;0;0;0
00365 RIO TINTO;1000086735;40;ZPAN;ESTUDIOS DE LABORATO;;20;;;;CSOSA;1022295;Ambiente Laboral Soldad SMAW NIOSH 7303;2,000;Servicios;ADJUDICADO;U365;1;16/4/2026;5/5/2026;10147867;40;1;16/4/2026;16/4/2026;C26;4500125557;40;4401;1;YCOLMAN;20/4/2026;22/4/2026;05/05/2026;5/5/2026;C26;GRUPO INDUSER SRL;2,000;0,000;2,000;0,000;;;;0;0;;;;;0,000;0;;;;;;;;;0,000;;;;;;0,000;;0;4;2;20;0;0;0;0;0;0;0;0;0
00365 RIO TINTO;1000086735;50;ZPAN;ESTUDIOS DE LABORATO;;20;;;;CSOSA;1022295;Gastos e Informes;1,000;Servicios;ADJUDICADO;U365;1;16/4/2026;5/5/2026;10147867;50;1;16/4/2026;16/4/2026;C26;4500125557;50;4401;1;YCOLMAN;20/4/2026;22/4/2026;05/05/2026;5/5/2026;C26;GRUPO INDUSER SRL;1,000;0,000;1,000;0,000;;;;0;0;;;;;0,000;0;;;;;;;;;0,000;;;;;;0,000;;0;4;2;20;0;0;0;0;0;0;0;0;0
00365 RIO TINTO;1000086776;10;ZPAS;REP ALM 0365 - ALM44;;0;;;;AGUERRERO;1002309;PROTECTOR ESCARIFICADOR X UN;10,000;Materiales Stock;SIN TRATAMIENTO;U365;1;17/4/2026;1/5/2026;;0;0;;;;;0;;0;;;;;;;;0,000;0,000;0,000;0,000;;;;0;0;;;;;0,000;0;;;;;;;;;0,000;;;;;;0,000;;0;0;0;0;0;0;0;0;0;0;0;0;0
00365 RIO TINTO;1000086859;20;ZPAN;REPO STOCK;;0;;;;CSOSA;1048380;FILTRO DE AIRE;2,000;Materiales Stock;ADJUDICADO;U365;20;20/4/2026;4/5/2026;10148057;20;1;20/4/2026;20/4/2026;C29;4500126177;10;UT08;1;RPEREZ;27/4/2026;27/4/2026;15/06/2026;15/6/2026;C29;IGARRETA MAQUINAS S.A.;2,000;0,000;2,000;0,000;;;;0;0;;;;;0,000;0;;;;;;;;;0,000;;;;;;0,000;;0;7;0;62;0;0;0;0;0;0;0;0;0
00365 RIO TINTO;1000086861;10;ZPAS;REP ALM 0365 - ALM44;;0;;;;AGUERRERO;1001814;LIQUIDO FRENO X1LT;8,000;Materiales Stock;SIN TRATAMIENTO;U365;1;20/4/2026;4/5/2026;;0;0;;;;;0;;0;;;;;;;;0,000;0,000;0,000;0,000;;;;0;0;;;;;0,000;0;;;;;;;;;0,000;;;;;;0,000;;0;0;0;0;0;0;0;0;0;0;0;0;0
00365 RIO TINTO;1000086939;10;ZPAN;PM_42_CC6003_Acc-AA;;20;;;;CSOSA;1012896;"KIT TUERCAS AACC 1/2"" 1/4"" BRONCE";4,000;Materiales genericos;SIN TRATAMIENTO;U365;1;20/4/2026;4/5/2026;10148137;10;1;20/4/2026;20/4/2026;C35;;0;;0;;;;;;;;0,000;4,000;0,000;0,000;;;;0;0;;;;;0,000;0;;;;;;;;;0,000;;;;;;0,000;;0;0;0;0;0;0;0;0;0;0;0;0;0
00365 RIO TINTO;1000086943;10;ZPAN;REPO SEÑORITA;;0;;;;CSOSA;1049925;APAREJO MANUAL C/PALANCA CADENA 3TN 6MTS;2,000;Materiales usuales;ADJUDICADO;U365;1;20/4/2026;4/5/2026;10148143;10;1;20/4/2026;20/4/2026;C27;4500126312;230;4401;1;PRODRIGUEZ;28/4/2026;28/4/2026;14/05/2026;14/5/2026;C27;BOLLINI S.A;2,000;0,000;2,000;0,000;;;;0;0;;;;;0,000;0;;;;;;;;;0,000;;;;;;0,000;;0;8;0;30;0;0;0;0;0;0;0;0;0
00365 RIO TINTO;1000086944;20;ZPAN;PEDIDO URGENTE;;0;;;;CSOSA;1012896;brida de 20 fusión verde P/TANQUE;1,000;Materiales genericos;ADJUDICADO;U365;1;20/4/2026;4/5/2026;10148146;20;1;20/4/2026;20/4/2026;C35;4500126646;10;4401;1;FSOTO;4/5/2026;4/5/2026;04/05/2026;4/5/2026;C35;GO CLEAN S.A.S.;1,000;0,000;1,000;0,000;;;;0;0;;;;;0,000;0;;;;;;;;;0,000;;;;;;0,000;;0;14;0;20;0;0;0;0;0;0;0;0;0
00365 RIO TINTO;1000086959;10;ZPAN;PEDIDO ROPA;;0;;;;CSOSA;1015800;GUANTE VAQUETA MEDIO PASEO FORRADO X PAR;150,000;Materiales Stock S/Devol;ADJUDICADO;U365;1;21/4/2026;8/5/2026;10148167;10;1;21/4/2026;21/4/2026;C28;4500125783;10;4401;1;GJULIANI;22/4/2026;24/4/2026;05/05/2026;5/5/2026;C28;FLORES CARLOS FELIPE Y OTROS S H;150,000;0,000;150,000;0,000;;;;0;0;;;;;0,000;0;;;;;;;;;0,000;;;;;;0,000;;0;1;2;17;0;0;0;0;0;0;0;0;0
00365 RIO TINTO;1000086959;60;ZPAN;PEDIDO ROPA;;0;;;;CSOSA;1042016;CAMPERA ABRIGO ROJA T.S;2,000;Materiales Stock C/Devol;ADJUDICADO;U365;1;21/4/2026;8/5/2026;10148167;550;1;22/4/2026;22/4/2026;C28;4500125783;430;4401;1;GJULIANI;22/4/2026;24/4/2026;05/05/2026;5/5/2026;C28;FLORES CARLOS FELIPE Y OTROS S H;2,000;0,000;2,000;0,000;;;;0;0;;;;;0,000;0;;;;;;;;;0,000;;;;;;0,000;;0;0;2;17;0;0;0;0;0;0;0;0;0
00365 RIO TINTO;1000086959;70;ZPAN;PEDIDO ROPA;;0;;;;CSOSA;1042017;CAMPERA ABRIGO ROJA T.M;3,000;Materiales Stock C/Devol;ADJUDICADO;U365;1;21/4/2026;8/5/2026;10148167;560;1;22/4/2026;22/4/2026;C28;4500125783;440;4401;1;GJULIANI;22/4/2026;24/4/2026;05/05/2026;5/5/2026;C28;FLORES CARLOS FELIPE Y OTROS S H;3,000;0,000;3,000;0,000;;;;0;0;;;;;0,000;0;;;;;;;;;0,000;;;;;;0,000;;0;0;2;17;0;0;0;0;0;0;0;0;0
00365 RIO TINTO;1000086959;80;ZPAN;PEDIDO ROPA;;0;;;;CSOSA;1042018;CAMPERA ABRIGO ROJA T.L;19,000;Materiales Stock C/Devol;ADJUDICADO;U365;1;21/4/2026;8/5/2026;10148167;570;1;22/4/2026;22/4/2026;C28;4500125783;450;4401;1;GJULIANI;22/4/2026;24/4/2026;05/05/2026;5/5/2026;C28;FLORES CARLOS FELIPE Y OTROS S H;19,000;0,000;19,000;0,000;;;;0;0;;;;;0,000;0;;;;;;;;;0,000;;;;;;0,000;;0;0;2;17;0;0;0;0;0;0;0;0;0
00365 RIO TINTO;1000086959;90;ZPAN;PEDIDO ROPA;;0;;;;CSOSA;1042019;CAMPERA ABRIGO ROJA T.XL;10,000;Materiales Stock C/Devol;ADJUDICADO;U365;1;21/4/2026;8/5/2026;10148167;540;1;22/4/2026;22/4/2026;C28;4500125783;420;4401;1;GJULIANI;22/4/2026;24/4/2026;05/05/2026;5/5/2026;C28;FLORES CARLOS FELIPE Y OTROS S H;10,000;0,000;10,000;0,000;;;;0;0;;;;;0,000;0;;;;;;;;;0,000;;;;;;0,000;;0;0;2;17;0;0;0;0;0;0;0;0;0
00365 RIO TINTO;1000086959;100;ZPAN;PEDIDO ROPA;;0;;;;CSOSA;1042020;CAMPERA ABRIGO ROJA T.XXL;3,000;Materiales Stock C/Devol;ADJUDICADO;U365;1;21/4/2026;8/5/2026;10148167;530;1;22/4/2026;22/4/2026;C28;4500125783;410;4401;1;GJULIANI;22/4/2026;24/4/2026;05/05/2026;5/5/2026;C28;FLORES CARLOS FELIPE Y OTROS S H;3,000;0,000;3,000;0,000;;;;0;0;;;;;0,000;0;;;;;;;;;0,000;;;;;;0,000;;0;0;2;17;0;0;0;0;0;0;0;0;0
00365 RIO TINTO;1000086959;110;ZPAN;PEDIDO ROPA;;0;;;;CSOSA;1042021;CAMPERA ABRIGO ROJA T.XXXL;6,000;Materiales Stock C/Devol;ADJUDICADO;U365;1;21/4/2026;8/5/2026;10148167;520;1;22/4/2026;22/4/2026;C28;4500125783;400;4401;1;GJULIANI;22/4/2026;24/4/2026;05/05/2026;5/5/2026;C28;FLORES CARLOS FELIPE Y OTROS S H;6,000;0,000;6,000;0,000;;;;0;0;;;;;0,000;0;;;;;;;;;0,000;;;;;;0,000;;0;0;2;17;0;0;0;0;0;0;0;0;0
00365 RIO TINTO;1000086959;120;ZPAN;PEDIDO ROPA;;0;;;;CSOSA;1002049;CAMPERA 2 PIEL T. S;14,000;Materiales Stock;ADJUDICADO;U365;1;21/4/2026;8/5/2026;10148167;120;1;21/4/2026;21/4/2026;C28;4500125783;50;4401;1;GJULIANI;22/4/2026;24/4/2026;05/05/2026;5/5/2026;C28;FLORES CARLOS FELIPE Y OTROS S H;14,000;0,000;14,000;0,000;;;;0;0;;;;;0,000;0;;;;;;;;;0,000;;;;;;0,000;;0;1;2;17;0;0;0;0;0;0;0;0;0
00365 RIO TINTO;1000086959;220;ZPAN;PEDIDO ROPA;;0;;;;CSOSA;1002011;PANTALON JEAN T.38;5,000;Materiales Stock;CUMPLIDO PARCIAL;U365;1;21/4/2026;8/5/2026;10148167;220;1;21/4/2026;21/4/2026;C28;4500125783;150;4401;1;GJULIANI;22/4/2026;24/4/2026;05/05/2026;5/5/2026;C28;FLORES CARLOS FELIPE Y OTROS S H;5,000;0,000;1,000;4,000;5000170978;29/4/2026;;0;1;29/4/2026;JBASSANI;;;0,000;0;;;;;;;;;0,000;;;;29/4/2026;;0,000;;0;1;2;17;-6;0;0;0;0;0;0;0;0
00365 RIO TINTO;1000086959;250;ZPAN;PEDIDO ROPA;;0;;;;CSOSA;1002015;PANTALON JEAN T.46;25,000;Materiales Stock;ADJUDICADO;U365;1;21/4/2026;8/5/2026;10148167;250;1;21/4/2026;21/4/2026;C28;4500125783;180;4401;1;GJULIANI;22/4/2026;24/4/2026;05/05/2026;5/5/2026;C28;FLORES CARLOS FELIPE Y OTROS S H;25,000;0,000;25,000;0,000;;;;0;0;;;;;0,000;0;;;;;;;;;0,000;;;;;;0,000;;0;1;2;17;0;0;0;0;0;0;0;0;0
00365 RIO TINTO;1000086959;260;ZPAN;PEDIDO ROPA;;0;;;;CSOSA;1002016;PANTALON JEAN T.48;29,000;Materiales Stock;ADJUDICADO;U365;1;21/4/2026;8/5/2026;10148167;260;1;21/4/2026;21/4/2026;C28;4500125783;190;4401;1;GJULIANI;22/4/2026;24/4/2026;05/05/2026;5/5/2026;C28;FLORES CARLOS FELIPE Y OTROS S H;29,000;0,000;29,000;0,000;;;;0;0;;;;;0,000;0;;;;;;;;;0,000;;;;;;0,000;;0;1;2;17;0;0;0;0;0;0;0;0;0
00365 RIO TINTO;1000086959;270;ZPAN;PEDIDO ROPA;;0;;;;CSOSA;1002017;PANTALON JEAN T.50;38,000;Materiales Stock;CUMPLIDO PARCIAL;U365;1;21/4/2026;8/5/2026;10148167;270;1;21/4/2026;21/4/2026;C28;4500125783;200;4401;1;GJULIANI;22/4/2026;24/4/2026;05/05/2026;5/5/2026;C28;FLORES CARLOS FELIPE Y OTROS S H;38,000;0,000;5,000;33,000;5000170978;29/4/2026;;0;1;29/4/2026;JBASSANI;;;0,000;0;;;;;;;;;0,000;;;;29/4/2026;;0,000;;0;1;2;17;-6;0;0;0;0;0;0;0;0
00365 RIO TINTO;1000086959;280;ZPAN;PEDIDO ROPA;;0;;;;CSOSA;1002018;PANTALON JEAN T.52;40,000;Materiales Stock;CUMPLIDO PARCIAL;U365;1;21/4/2026;8/5/2026;10148167;280;1;21/4/2026;21/4/2026;C28;4500125783;210;4401;1;GJULIANI;22/4/2026;24/4/2026;05/05/2026;5/5/2026;C28;FLORES CARLOS FELIPE Y OTROS S H;40,000;0,000;7,000;33,000;5000170978;29/4/2026;;0;1;29/4/2026;JBASSANI;;;0,000;0;;;;;;;;;0,000;;;;29/4/2026;;0,000;;0;1;2;17;-6;0;0;0;0;0;0;0;0
00365 RIO TINTO;1000086959;470;ZPAN;PEDIDO ROPA;;0;;;;CSOSA;1009474;"PANTALON TERMICO ""ROJO"" T S";5,000;Materiales Stock;CUMPLIDO PARCIAL;U365;1;21/4/2026;8/5/2026;10148167;580;1;23/4/2026;23/4/2026;C28;4500125973;20;4401;1;GJULIANI;24/4/2026;28/4/2026;08/05/2026;8/5/2026;C28;FLORES CARLOS FELIPE Y OTROS S H;5,000;0,000;4,000;1,000;5000172058;7/5/2026;;0;1;7/5/2026;JBASSANI;;;0,000;0;;;;;;;;;0,000;;;;7/5/2026;;0,000;;0;1;4;20;-1;0;0;0;0;0;0;0;0
00365 RIO TINTO;1000086959;480;ZPAN;PEDIDO ROPA;;0;;;;CSOSA;1009475;"PANTALON TERMICO ""ROJO"" T M";15,000;Materiales Stock;CUMPLIDO PARCIAL;U365;1;21/4/2026;8/5/2026;10148167;590;1;23/4/2026;23/4/2026;C28;4500125973;30;4401;1;GJULIANI;24/4/2026;28/4/2026;08/05/2026;8/5/2026;C28;FLORES CARLOS FELIPE Y OTROS S H;15,000;0,000;7,000;8,000;5000172058;7/5/2026;;0;1;7/5/2026;JBASSANI;;;0,000;0;;;;;;;;;0,000;;;;7/5/2026;;0,000;;0;1;4;20;-1;0;0;0;0;0;0;0;0
00365 RIO TINTO;1000086959;510;ZPAN;PEDIDO ROPA;;0;;;;CSOSA;1009479;"PANTALON TERMICO ""ROJO"" T XXXL";30,000;Materiales Stock;CUMPLIDO PARCIAL;U365;1;21/4/2026;8/5/2026;10148167;620;1;23/4/2026;23/4/2026;C28;4500125973;60;4401;1;GJULIANI;24/4/2026;28/4/2026;08/05/2026;8/5/2026;C28;FLORES CARLOS FELIPE Y OTROS S H;30,000;0,000;6,000;24,000;5000172058;7/5/2026;;0;1;7/5/2026;JBASSANI;;;0,000;0;;;;;;;;;0,000;;;;7/5/2026;;0,000;;0;1;4;20;-1;0;0;0;0;0;0;0;0
00365 RIO TINTO;1000086959;520;ZPAN;PEDIDO ROPA;;0;;;;CSOSA;1001761;BOTIN MARRON/NEGRO FLOR P.ACERO N 45;7,000;Materiales Stock;ADJUDICADO;U365;1;21/4/2026;8/5/2026;10148167;630;1;25/4/2026;25/4/2026;C28;4500126094;10;4401;1;GJULIANI;27/4/2026;28/4/2026;15/05/2026;15/5/2026;C28;FLORES CARLOS FELIPE Y OTROS S H;7,000;0,000;7,000;0,000;;;;0;0;;;;;0,000;0;;;;;;;;;0,000;;;;;;0,000;;0;2;1;27;0;0;0;0;0;0;0;0;0
00365 RIO TINTO;1000086959;530;ZPAN;PEDIDO ROPA;;0;;;;CSOSA;1001760;BOTINMARRON/NEGRO FLOR P.ACERO N 44;11,000;Materiales Stock;ADJUDICADO;U365;1;21/4/2026;8/5/2026;10148167;640;1;25/4/2026;25/4/2026;C28;4500126094;20;4401;1;GJULIANI;27/4/2026;28/4/2026;15/05/2026;15/5/2026;C28;FLORES CARLOS FELIPE Y OTROS S H;11,000;0,000;11,000;0,000;;;;0;0;;;;;0,000;0;;;;;;;;;0,000;;;;;;0,000;;0;2;1;27;0;0;0;0;0;0;0;0;0
00365 RIO TINTO;1000086959;540;ZPAN;PEDIDO ROPA;;0;;;;CSOSA;1009477;"PANTALON TERMICO ""ROJO"" T XL";50,000;Materiales Stock;ADJUDICADO;U365;1;21/4/2026;8/5/2026;10148167;650;1;25/4/2026;25/4/2026;C28;4500126094;30;4401;1;GJULIANI;27/4/2026;28/4/2026;15/05/2026;15/5/2026;C28;FLORES CARLOS FELIPE Y OTROS S H;50,000;0,000;50,000;0,000;;;;0;0;;;;;0,000;0;;;;;;;;;0,000;;;;;;0,000;;0;2;1;27;0;0;0;0;0;0;0;0;0
00365 RIO TINTO;1000087098;90;ZPAN;PM N°93;;0;;;;MGAUDELLI;1012807;RIEL DIN RANURADO 1MT;10,000;Materiales genericos;ADJUDICADO;U365;1;22/4/2026;6/5/2026;10148365;90;1;22/4/2026;22/4/2026;C11;4500126601;90;4401;1;PRODRIGUEZ;4/5/2026;6/5/2026;06/05/2026;6/5/2026;C11;ROVI S.R.L.;10,000;0,000;10,000;0,000;;;;0;0;;;;;0,000;0;;;;;;;;;0,000;;;;;;0,000;;0;12;2;20;0;0;0;0;0;0;0;0;0
00365 RIO TINTO;1000087098;100;ZPAN;PM N°93;;0;;;;MGAUDELLI;1011093;OJO DE BUEY VERDE 220V;12,000;Materiales usuales;RECEPCIONADO PARCIAL;U365;1;22/4/2026;6/5/2026;10148365;100;1;22/4/2026;22/4/2026;C11;4500126601;100;4401;1;PRODRIGUEZ;4/5/2026;6/5/2026;06/05/2026;6/5/2026;C11;ROVI S.R.L.;12,000;0,000;8,000;4,000;5000172722;12/5/2026;;0;1;12/5/2026;JBASSANI;;;0,000;0;;;;;;;;;0,000;;;;12/5/2026;;0,000;;0;12;2;20;6;0;0;0;0;0;0;6;0
00365 RIO TINTO;1000087098;110;ZPAN;PM N°93;;0;;;;MGAUDELLI;1012807;GABINETE MET EXT 54 BOCAS 45X45 C/CONTRA;2,000;Materiales genericos;RECEPCIONADO PARCIAL;U365;1;22/4/2026;6/5/2026;10148365;110;1;22/4/2026;22/4/2026;C11;4500126601;110;4401;1;PRODRIGUEZ;4/5/2026;6/5/2026;06/05/2026;6/5/2026;C11;ROVI S.R.L.;2,000;0,000;1,000;1,000;5000172722;12/5/2026;;0;1;12/5/2026;JBASSANI;;;0,000;0;;;;;;;;;0,000;;;;12/5/2026;;0,000;;0;12;2;20;6;0;0;0;0;0;0;6;0
00365 RIO TINTO;1000087098;180;ZPAN;PM N°93;;0;;;;MGAUDELLI;1012807;CONTROLADOR CARGA SOLAR 12VCC;2,000;Materiales genericos;SIN TRATAMIENTO;U365;1;22/4/2026;6/5/2026;10148365;180;1;22/4/2026;22/4/2026;C11;;0;;0;;;;;;;;0,000;2,000;0,000;0,000;;;;0;0;;;;;0,000;0;;;;;;;;;0,000;;;;;;0,000;;0;0;0;0;0;0;0;0;0;0;0;0;0
00365 RIO TINTO;1000087107;10;ZPAN;PM N°95;;0;;;;MGAUDELLI;1012896;CARRO PORTA BULTO CARGA 200KG;2,000;Materiales genericos;ADJUDICADO;U365;1;22/4/2026;6/5/2026;10148374;10;1;22/4/2026;23/4/2026;C27;4500126312;80;4401;1;PRODRIGUEZ;28/4/2026;28/4/2026;05/05/2026;5/5/2026;C27;BOLLINI S.A;2,000;0,000;2,000;0,000;;;;0;0;;;;;0,000;0;;;;;;;;;0,000;;;;;;0,000;;1;5;0;19;0;0;0;0;0;0;0;0;0
00365 RIO TINTO;1000087107;20;ZPAN;PM N°95;;0;;;;MGAUDELLI;1012869;"CARBON P AMOL DWE4557-AR 7"" 180MM";6,000;Materiales genericos;ADJUDICADO;U365;1;22/4/2026;6/5/2026;10148374;20;1;22/4/2026;23/4/2026;C27;4500126534;10;4401;1;PRODRIGUEZ;30/4/2026;30/4/2026;08/05/2026;8/5/2026;C27;BOLLINI S.A;6,000;0,000;6,000;0,000;;;;0;0;;;;;0,000;0;;;;;;;;;0,000;;;;;;0,000;;1;7;0;22;0;0;0;0;0;0;0;0;0
00365 RIO TINTO;1000087107;130;ZPAN;PM N°95;;0;;;;MGAUDELLI;1012867;PRECINTO 4.8X400;100,000;Materiales genericos;ADJUDICADO;U365;1;22/4/2026;6/5/2026;10148374;130;1;22/4/2026;23/4/2026;C27;4500126312;180;4401;1;PRODRIGUEZ;28/4/2026;28/4/2026;05/05/2026;5/5/2026;C27;BOLLINI S.A;100,000;0,000;100,000;0,000;;;;0;0;;;;;0,000;0;;;;;;;;;0,000;;;;;;0,000;;1;5;0;19;0;0;0;0;0;0;0;0;0
00365 RIO TINTO;1000087107;140;ZPAN;PM N°95;;0;;;;MGAUDELLI;1012867;PRECINTO 7.6X400;100,000;Materiales genericos;ADJUDICADO;U365;1;22/4/2026;6/5/2026;10148374;140;1;22/4/2026;23/4/2026;C27;4500126312;190;4401;1;PRODRIGUEZ;28/4/2026;28/4/2026;05/05/2026;5/5/2026;C27;BOLLINI S.A;100,000;0,000;100,000;0,000;;;;0;0;;;;;0,000;0;;;;;;;;;0,000;;;;;;0,000;;1;5;0;19;0;0;0;0;0;0;0;0;0
00365 RIO TINTO;1000087107;150;ZPAN;PM N°95;;0;;;;MGAUDELLI;1012867;PRECINTO 7.6X500;100,000;Materiales genericos;ADJUDICADO;U365;1;22/4/2026;6/5/2026;10148374;150;1;22/4/2026;23/4/2026;C27;4500126312;200;4401;1;PRODRIGUEZ;28/4/2026;28/4/2026;05/05/2026;5/5/2026;C27;BOLLINI S.A;100,000;0,000;100,000;0,000;;;;0;0;;;;;0,000;0;;;;;;;;;0,000;;;;;;0,000;;1;5;0;19;0;0;0;0;0;0;0;0;0
00365 RIO TINTO;1000087194;10;ZPAN;BATERIAS GPS R12;;0;;;;MGAUDELLI;1012874;BATERIA P/ GPS TRIMBLE R12i;3,000;Materiales genericos;ADJUDICADO;U365;20;23/4/2026;7/5/2026;10148523;10;1;23/4/2026;24/4/2026;C27;4500126838;10;UT08;1;PRODRIGUEZ;6/5/2026;6/5/2026;15/05/2026;15/5/2026;C27;RUNCO S.A.;3,000;0,000;3,000;0,000;;;;0;0;;;;;0,000;0;;;;;;;;;0,000;;;;;;0,000;;1;12;0;28;0;0;0;0;0;0;0;0;0
00365 RIO TINTO;1000087233;10;ZPAN;GPS Trimble R780;;20;;;;MGAUDELLI;1012893;GPS R780 con controladora TSC510;1,000;Materiales genericos;ADJUDICADO;U365;1;24/4/2026;8/5/2026;10148584;10;1;24/4/2026;24/4/2026;C27;4500126269;10;4401;1;PRODRIGUEZ;28/4/2026;30/4/2026;08/05/2026;8/5/2026;C27;RUNCO S.A.;1,000;0,000;1,000;0,000;;;;0;0;;;;;0,000;0;;;;;;;;;0,000;;;;;;0,000;;0;4;2;20;0;0;0;0;0;0;0;0;0
00365 RIO TINTO;1000087281;10;ZPAN;CINTA;;0;;;;AFORTUNA;1017030;CINTA AISLADORA AZUL ( GENERICO );20,000;Materiales Stock S/Devol;ADJUDICADO;U365;1;25/4/2026;5/5/2026;10148631;10;1;25/4/2026;25/4/2026;C27;4500126312;70;4401;1;PRODRIGUEZ;28/4/2026;28/4/2026;05/05/2026;5/5/2026;C27;BOLLINI S.A;20,000;0,000;20,000;0,000;;;;0;0;;;;;0,000;0;;;;;;;;;0,000;;;;;;0,000;;0;3;0;20;0;0;0;0;0;0;0;0;0
00365 RIO TINTO;1000087282;10;ZPAN;CERTIF ESLINGAS;;0;;;;MGAUDELLI;1036348;CERTIFICACION DE ESLINGAS SINTETICAS 10T;4,000;Servicios;ADJUDICADO;U365;1;25/4/2026;9/5/2026;10148632;10;1;25/4/2026;26/4/2026;C35;4500126169;10;4401;1;FSOTO;27/4/2026;27/4/2026;29/04/2026;29/4/2026;C35;WORKLIFT SA;4,000;0,000;4,000;0,000;;;;0;0;;;;;0,000;0;;;;;;;;;0,000;;;;;;0,000;;1;1;0;10;0;0;0;0;0;0;0;0;0
00365 RIO TINTO;1000087282;20;ZPAN;CERTIF ESLINGAS;;0;;;;MGAUDELLI;1036348;CERTIFICACION DE ESLINGAS SINTETICAS 8T;8,000;Servicios;ADJUDICADO;U365;1;25/4/2026;9/5/2026;10148632;20;1;25/4/2026;26/4/2026;C35;4500126169;20;4401;1;FSOTO;27/4/2026;27/4/2026;29/04/2026;29/4/2026;C35;WORKLIFT SA;8,000;0,000;8,000;0,000;;;;0;0;;;;;0,000;0;;;;;;;;;0,000;;;;;;0,000;;1;1;0;10;0;0;0;0;0;0;0;0;0
00365 RIO TINTO;1000087282;30;ZPAN;CERTIF ESLINGAS;;0;;;;MGAUDELLI;1036348;CERTIFICACION DE ESLINGAS SINTETICAS 8T;3,000;Servicios;ADJUDICADO;U365;1;25/4/2026;9/5/2026;10148632;30;1;25/4/2026;26/4/2026;C35;4500126169;30;4401;1;FSOTO;27/4/2026;27/4/2026;29/04/2026;29/4/2026;C35;WORKLIFT SA;3,000;0,000;3,000;0,000;;;;0;0;;;;;0,000;0;;;;;;;;;0,000;;;;;;0,000;;1;1;0;10;0;0;0;0;0;0;0;0;0
00365 RIO TINTO;1000087282;40;ZPAN;CERTIF ESLINGAS;;0;;;;MGAUDELLI;1036348;CERTIFICACION DE ESLINGA CADENA;1,000;Servicios;ADJUDICADO;U365;1;25/4/2026;9/5/2026;10148632;40;1;25/4/2026;26/4/2026;C35;4500126169;40;4401;1;FSOTO;27/4/2026;27/4/2026;29/04/2026;29/4/2026;C35;WORKLIFT SA;1,000;0,000;1,000;0,000;;;;0;0;;;;;0,000;0;;;;;;;;;0,000;;;;;;0,000;;1;1;0;10;0;0;0;0;0;0;0;0;0
00365 RIO TINTO;1000087284;20;ZPAN;PM N°30 SSYMA;;0;;;;MGAUDELLI;1012739;ARNES CUERPO COMP VER REF 01;20,000;Materiales genericos;ADJUDICADO;U365;1;26/4/2026;10/5/2026;10148634;20;1;26/4/2026;26/4/2026;C27;4500126312;20;4401;1;PRODRIGUEZ;28/4/2026;28/4/2026;05/05/2026;5/5/2026;C27;BOLLINI S.A;20,000;0,000;20,000;0,000;;;;0;0;;;;;0,000;0;;;;;;;;;0,000;;;;;;0,000;;0;2;0;15;0;0;0;0;0;0;0;0;0
00365 RIO TINTO;1000087284;30;ZPAN;PM N°30 SSYMA;;0;;;;MGAUDELLI;1012746;"AI AMARILLO ""BANQUINA INESTABLE"" 80X80";20,000;Materiales genericos;ADJUDICADO;U365;1;26/4/2026;10/5/2026;10148634;30;1;26/4/2026;26/4/2026;C28;4500126563;10;4401;1;GJULIANI;30/4/2026;30/4/2026;10/05/2026;10/5/2026;C28;AMAYA CRISTIAN IVAN;20,000;0,000;20,000;0,000;;;;0;0;;;;;0,000;0;;;;;;;;;0,000;;;;;;0,000;;0;4;0;20;0;0;0;0;0;0;0;0;0
00365 RIO TINTO;1000087284;120;ZPAN;PM N°30 SSYMA;;0;;;;MGAUDELLI;1012896;BUZON PARED 24.5X26X7CM;10,000;Materiales genericos;SIN TRATAMIENTO;U365;1;26/4/2026;10/5/2026;10148634;120;1;26/4/2026;26/4/2026;C27;;0;;0;;;;;;;;0,000;10,000;0,000;0,000;;;;0;0;;;;;0,000;0;;;;;;;;;0,000;;;;;;0,000;;0;0;0;0;0;0;0;0;0;0;0;0;0
00365 RIO TINTO;1000087284;130;ZPAN;PM N°30 SSYMA;;0;;;;MGAUDELLI;1015848;PINCEL CERDA Nº10 XUN;5,000;Materiales Stock S/Devol;ADJUDICADO;U365;1;26/4/2026;10/5/2026;10148634;130;1;26/4/2026;26/4/2026;C27;4500126312;50;4401;1;PRODRIGUEZ;28/4/2026;28/4/2026;05/05/2026;5/5/2026;C27;BOLLINI S.A;5,000;0,000;5,000;0,000;;;;0;0;;;;;0,000;0;;;;;;;;;0,000;;;;;;0,000;;0;2;0;15;0;0;0;0;0;0;0;0;0
00365 RIO TINTO;1000087287;30;ZPAN;PM N°47 OT;;0;;;;MGAUDELLI;1043226;ESPATULA CABO GOMA 100 MM.;3,000;Materiales Stock C/Devol;ADJUDICADO;U365;1;26/4/2026;10/5/2026;10148638;30;1;26/4/2026;26/4/2026;C35;4500127195;80;4401;1;FSOTO;8/5/2026;8/5/2026;11/05/2026;11/5/2026;C35;BOLLINI S.A;3,000;0,000;3,000;0,000;;;;0;0;;;;;0,000;0;;;;;;;;;0,000;;;;;;0,000;;0;12;0;21;0;0;0;0;0;0;0;0;0
00365 RIO TINTO;1000087287;40;ZPAN;PM N°47 OT;;0;;;;MGAUDELLI;1016915;PINCEL CERDA NB 20;5,000;Materiales Stock S/Devol;ADJUDICADO;U365;1;26/4/2026;10/5/2026;10148638;60;1;26/4/2026;26/4/2026;C35;4500127195;90;4401;1;FSOTO;8/5/2026;8/5/2026;11/05/2026;11/5/2026;C35;BOLLINI S.A;5,000;0,000;5,000;0,000;;;;0;0;;;;;0,000;0;;;;;;;;;0,000;;;;;;0,000;;0;12;0;21;0;0;0;0;0;0;0;0;0
00365 RIO TINTO;1000087287;50;ZPAN;PM N°47 OT;;0;;;;MGAUDELLI;1012525;RODILLO CORDERITO 20CM;3,000;Materiales usuales;ADJUDICADO;U365;1;26/4/2026;10/5/2026;10148638;70;1;26/4/2026;26/4/2026;C35;4500127195;100;4401;1;FSOTO;8/5/2026;8/5/2026;11/05/2026;11/5/2026;C35;BOLLINI S.A;3,000;0,000;3,000;0,000;;;;0;0;;;;;0,000;0;;;;;;;;;0,000;;;;;;0,000;;0;12;0;21;0;0;0;0;0;0;0;0;0
00365 RIO TINTO;1000087288;10;ZPAN;PARABRISAS CA164;;0;;;;MGAUDELLI;1015947;PARABRISAS FORD RANGER CA164;1,000;Materiales genericos;ADJUDICADO;U365;1;26/4/2026;10/5/2026;10148639;10;1;26/4/2026;26/4/2026;C35;4500126360;10;4401;1;FSOTO;29/4/2026;29/4/2026;04/05/2026;4/5/2026;C35;PUSSETTO SALTA S A;1,000;0,000;1,000;0,000;;;;0;0;;;;;0,000;0;;;;;;;;;0,000;;;;;;0,000;;0;3;0;14;0;0;0;0;0;0;0;0;0
00365 RIO TINTO;1000087296;10;ZPAN;pasaclabe para ducto;;0;;;;AFORTUNA;1012896;Cinta pasacables 30 mts Ø6 mm alma acero;4,000;Materiales genericos;ADJUDICADO;U365;1;26/4/2026;2/5/2026;10148648;10;1;26/4/2026;28/4/2026;C27;4500127144;30;4401;1;PRODRIGUEZ;8/5/2026;8/5/2026;14/05/2026;14/5/2026;C27;BOLLINI S.A;4,000;0,000;4,000;0,000;;;;0;0;;;;;0,000;0;;;;;;;;;0,000;;;;;;0,000;;2;10;0;32;0;0;0;0;0;0;0;0;0
00365 RIO TINTO;1000087303;10;ZPAS;REP 0365-ALM 4402;;0;;;;EJUAREZ;1027021;Aceite Caja de Engranaje 85W90 GL-5;2,000;Materiales Stock;SIN TRATAMIENTO;U365;1;27/4/2026;11/5/2026;;0;0;;;;;0;;0;;;;;;;;0,000;0,000;0,000;0,000;;;;0;0;;;;;0,000;0;;;;;;;;;0,000;;;;;;0,000;;0;0;0;0;0;0;0;0;0;0;0;0;0
00365 RIO TINTO;1000087445;300;ZPAN;PM N°50 OT;;20;;;;MGAUDELLI;1012807;CONTROLADOR REG DE CARGA 20A 12V 24V;1,000;Materiales genericos;SIN TRATAMIENTO;U365;1;28/4/2026;4/5/2026;10148799;300;1;28/4/2026;29/4/2026;C35;;0;;0;;;;;;;;0,000;1,000;0,000;0,000;;;;0;0;;;;;0,000;0;;;;;;;;;0,000;;;;;;0,000;;1;0;0;0;0;0;0;0;0;0;0;0;0
00365 RIO TINTO;1000087448;10;ZPAN;PM N°51 OT;;0;;;;MGAUDELLI;1012896;MAZA 2KG CABO PVC;10,000;Materiales genericos;ADJUDICADO;U365;1;28/4/2026;4/5/2026;10148801;10;1;28/4/2026;29/4/2026;C35;4500126401;10;4401;1;FSOTO;29/4/2026;29/4/2026;08/05/2026;8/5/2026;C35;BOLLINI S.A;10,000;0,000;10,000;0,000;;;;0;0;;;;;0,000;0;;;;;;;;;0,000;;;;;;0,000;;1;0;0;24;0;0;0;0;0;0;0;0;0
00365 RIO TINTO;1000087448;20;ZPAN;PM N°51 OT;;0;;;;MGAUDELLI;1016935;MARTILLO GALPONERO CABO PLASTICO;10,000;Materiales Stock S/Devol;ADJUDICADO;U365;1;28/4/2026;4/5/2026;10148801;20;1;28/4/2026;29/4/2026;C35;4500126401;20;4401;1;FSOTO;29/4/2026;29/4/2026;08/05/2026;8/5/2026;C35;BOLLINI S.A;10,000;0,000;10,000;0,000;;;;0;0;;;;;0,000;0;;;;;;;;;0,000;;;;;;0,000;;1;0;0;24;0;0;0;0;0;0;0;0;0
00365 RIO TINTO;1000087448;30;ZPAN;PM N°51 OT;;0;;;;MGAUDELLI;1012458;TENAZA ARMADOR 1 2 CORTE;10,000;Materiales usuales;ADJUDICADO;U365;1;28/4/2026;4/5/2026;10148801;30;1;28/4/2026;29/4/2026;C35;4500126401;30;4401;1;FSOTO;29/4/2026;29/4/2026;08/05/2026;8/5/2026;C35;BOLLINI S.A;10,000;0,000;10,000;0,000;;;;0;0;;;;;0,000;0;;;;;;;;;0,000;;;;;;0,000;;1;0;0;24;0;0;0;0;0;0;0;0;0
00365 RIO TINTO;1000087464;10;ZPAS;PULMON CAMION 70005;;20;;;;MGAUDELLI;1022393;PULMON DE FRENO 2DO EJE TRASERO;1,000;Materiales Stock;SIN TRATAMIENTO;U365;1;28/4/2026;12/5/2026;;0;0;;;;;0;;0;;;;;;;;0,000;0,000;0,000;0,000;;;;0;0;;;;;0,000;0;;;;;;;;;0,000;;;;;;0,000;;0;0;0;0;0;0;0;0;0;0;0;0;0
00365 RIO TINTO;1000087555;10;ZPAN;REPARACION HIDROLAVA;;20;;;;CSOSA;1022295;SERVICIO REPARACION HIDROLAVADORA;1,000;Servicios;ADJUDICADO;U365;1;29/4/2026;13/5/2026;10148955;10;1;29/4/2026;29/4/2026;C35;4500126556;10;4401;1;FSOTO;30/4/2026;30/4/2026;04/05/2026;4/5/2026;C35;REDONDO CARLOS ENRIQUE;1,000;0,000;1,000;0,000;;;;0;0;;;;;0,000;0;;;;;;;;;0,000;;;;;;0,000;;0;1;0;11;0;0;0;0;0;0;0;0;0
00365 RIO TINTO;1000087581;10;ZPAN;LIBRETA MAQUINISTA;;20;;;;CSOSA;1011323;TALO LIBRETA DE MAQUINISTA 100H X DUPLIC;80,000;Materiales usuales;ADJUDICADO;U365;1;30/4/2026;14/5/2026;10148981;10;1;30/4/2026;30/4/2026;C35;4500126888;10;4401;1;FSOTO;6/5/2026;6/5/2026;15/05/2026;15/5/2026;C35;AMAYA CRISTIAN IVAN;80,000;0,000;80,000;0,000;;;;0;0;;;;;0,000;0;;;;;;;;;0,000;;;;;;0,000;;0;6;0;21;0;0;0;0;0;0;0;0;0
00365 RIO TINTO;1000087591;10;ZPAN;CAMPERA TALLE M;;0;;;;CSOSA;1042017;CAMPERA ABRIGO ROJA T.M;7,000;Materiales Stock C/Devol;ADJUDICADO;U365;1;30/4/2026;8/5/2026;10148997;10;1;30/4/2026;30/4/2026;C28;4500126614;10;4401;1;GJULIANI;4/5/2026;4/5/2026;15/05/2026;15/5/2026;C28;FLORES CARLOS FELIPE Y OTROS S H;7,000;0,000;7,000;0,000;;;;0;0;;;;;0,000;0;;;;;;;;;0,000;;;;;;0,000;;0;4;0;27;0;0;0;0;0;0;0;0;0
00365 RIO TINTO;1000087593;10;ZPAN;CARTUCHOS URGENTES;;20;;;;CSOSA;1012839;CARTUCHO IMP RICOH C2004EX COLOR NEGRO;2,000;Materiales genericos;ADJUDICADO;U365;1;30/4/2026;14/5/2026;10148999;10;1;30/4/2026;30/4/2026;C35;4500126509;10;4401;1;FSOTO;30/4/2026;30/4/2026;02/05/2026;2/5/2026;C35;BEVACQUA CARLOS IVAN LEONARDO;2,000;0,000;2,000;0,000;;;;0;0;;;;;0,000;0;;;;;;;;;0,000;;;;;;0,000;;0;0;0;8;0;0;0;0;0;0;0;0;0
00365 RIO TINTO;1000087613;10;ZPAN;ALQUILER SALA CAPACI;;1;;;;CSOSA;1022295;ALQUILER SALA REUNION 60 PERSONAS;1,000;Servicios;ADJUDICADO;U365;1;30/4/2026;14/5/2026;10149027;10;1;30/4/2026;30/4/2026;C01;4500126555;10;4401;1;CSOSA;30/4/2026;30/4/2026;05/05/2026;5/5/2026;C01;CENTRO DE NEGOCIOS SLA-COWORKING SA;1,000;0,000;1,000;0,000;;;;0;0;;;;;0,000;0;;;;;;;;;0,000;;;;;;0,000;;0;0;0;11;0;0;0;0;0;0;0;0;0
00365 RIO TINTO;1000087626;10;ZPAN;AUXILIO CA164;;20;;;;CSOSA;1001826;CUBIERTA 265 70 R16;1,000;Materiales Stock;ADJUDICADO;U365;1;30/4/2026;14/5/2026;10149038;10;1;30/4/2026;30/4/2026;C35;4500126587;10;4401;1;FSOTO;2/5/2026;2/5/2026;04/05/2026;4/5/2026;C35;LAROCCA SALTA NEUMATICOS S.A.;1,000;0,000;1,000;0,000;;;;0;0;;;;;0,000;0;;;;;;;;;0,000;;;;;;0,000;;0;2;0;10;0;0;0;0;0;0;0;0;0
00365 RIO TINTO;1000087644;20;ZPAN;PM 49 VARIOS PIPING;;20;;;;CSOSA;1009730;HIERRO NERVADO ADN420 DIAM 32MM;757,000;Materiales usuales;ADJUDICADO;U365;1;1/5/2026;8/5/2026;10149051;20;1;1/5/2026;2/5/2026;C35;4500126721;20;4401;1;FSOTO;5/5/2026;5/5/2026;08/05/2026;8/5/2026;C35;HIERRONORT S.R.L.;757,000;0,000;757,000;0,000;;;;0;0;;;;;0,000;0;;;;;;;;;0,000;;;;;;0,000;;1;3;0;20;0;0;0;0;0;0;0;0;0
00365 RIO TINTO;1000087644;30;ZPAN;PM 49 VARIOS PIPING;;20;;;;CSOSA;1012882;"VARILLA ROSCADA 1"" DOBLE TUERCA Y ARAND";10,000;Materiales genericos;ADJUDICADO;U365;1;1/5/2026;8/5/2026;10149051;30;1;1/5/2026;2/5/2026;C35;4500127206;20;4401;1;FSOTO;8/5/2026;8/5/2026;11/05/2026;11/5/2026;C35;BOLLINI S.A;10,000;0,000;10,000;0,000;;;;0;0;;;;;0,000;0;;;;;;;;;0,000;;;;;;0,000;;1;6;0;23;0;0;0;0;0;0;0;0;0
00365 RIO TINTO;1000088100;10;ZPAN;SILICONA PARA PISOS;;20;;;;AFORTUNA;1016938;SILICONA LIQUIDA BRILLO SILICONADO X5LT;8,000;Materiales Stock S/Devol;ADJUDICADO;U365;1;10/5/2026;14/5/2026;10149733;20;1;10/5/2026;10/5/2026;C35;4500127327;10;4401;1;FSOTO;11/5/2026;11/5/2026;14/05/2026;14/5/2026;C35;GO CLEAN S.A.S.;8,000;0,000;8,000;0,000;;;;0;0;;;;;0,000;0;;;;;;;;;0,000;;;;;;0,000;;0;1;0;20;0;0;0;0;0;0;0;0;0
00365 RIO TINTO;4000006642;10;ZPIN;DAMPENER;;0;;4;13/5/2026;CSOSA;1012896;LONA DE 6 X 0.6 MTS SEGUN DETALLE;2,000;Materiales genericos;RESPONDIDO;U365;1;7/4/2026;12/5/2026;10147015;10;1;7/4/2026;7/4/2026;C19;;0;;0;;;;;;;;0,000;2,000;0,000;0,000;;;;0;0;;;;;0,000;0;;;;;;;;;0,000;;;;;;0,000;;0;0;0;0;0;0;0;0;0;0;0;0;0
00365 RIO TINTO;4000006749;10;ZPIN;COTIZACION CHALECOS;;0;;4;11/5/2026;MGAUDELLI;1017304;CHALECO REFLECTIVO S;50,000;Materiales usuales;RESPONDIDO;U365;1;28/4/2026;8/5/2026;10148825;10;1;28/4/2026;28/4/2026;C28;;0;;0;;;;;;;;0,000;50,000;0,000;0,000;;;;0;0;;;;;0,000;0;;;;;;;;;0,000;;;;;;0,000;;0;0;0;0;0;0;0;0;0;0;0;0;0
00365 RIO TINTO;4000006749;20;ZPIN;COTIZACION CHALECOS;;0;;4;11/5/2026;MGAUDELLI;1017304;CHALECO REFLECTIVO M;50,000;Materiales usuales;RESPONDIDO;U365;1;28/4/2026;8/5/2026;10148825;20;1;30/4/2026;30/4/2026;C28;;0;;0;;;;;;;;0,000;50,000;0,000;0,000;;;;0;0;;;;;0,000;0;;;;;;;;;0,000;;;;;;0,000;;0;0;0;0;0;0;0;0;0;0;0;0;0
00365 RIO TINTO;4000006749;30;ZPIN;COTIZACION CHALECOS;;0;;4;11/5/2026;MGAUDELLI;1017304;CHALECO REFLECTIVO L;120,000;Materiales usuales;RESPONDIDO;U365;1;28/4/2026;8/5/2026;10148825;30;1;30/4/2026;30/4/2026;C28;;0;;0;;;;;;;;0,000;120,000;0,000;0,000;;;;0;0;;;;;0,000;0;;;;;;;;;0,000;;;;;;0,000;;0;0;0;0;0;0;0;0;0;0;0;0;0
00365 RIO TINTO;4000006749;40;ZPIN;COTIZACION CHALECOS;;0;;4;11/5/2026;MGAUDELLI;1017304;CHALECO REFLECTIVO XL;80,000;Materiales usuales;RESPONDIDO;U365;1;28/4/2026;8/5/2026;10148825;40;1;30/4/2026;30/4/2026;C28;;0;;0;;;;;;;;0,000;80,000;0,000;0,000;;;;0;0;;;;;0,000;0;;;;;;;;;0,000;;;;;;0,000;;0;0;0;0;0;0;0;0;0;0;0;0;0
00365 RIO TINTO;4000006749;50;ZPIN;COTIZACION CHALECOS;;0;;4;11/5/2026;MGAUDELLI;1017304;CHALECO REFLECTIVO XXL;30,000;Materiales usuales;RESPONDIDO;U365;1;28/4/2026;8/5/2026;10148825;50;1;30/4/2026;30/4/2026;C28;;0;;0;;;;;;;;0,000;30,000;0,000;0,000;;;;0;0;;;;;0,000;0;;;;;;;;;0,000;;;;;;0,000;;0;0;0;0;0;0;0;0;0;0;0;0;0
00365 RIO TINTO;4000006749;60;ZPIN;COTIZACION CHALECOS;;0;;4;11/5/2026;MGAUDELLI;1017304;CHALECO REFLECTIVO XXXL;20,000;Materiales usuales;RESPONDIDO;U365;1;28/4/2026;8/5/2026;10148825;60;1;30/4/2026;30/4/2026;C28;;0;;0;;;;;;;;0,000;20,000;0,000;0,000;;;;0;0;;;;;0,000;0;;;;;;;;;0,000;;;;;;0,000;;0;0;0;0;0;0;0;0;0;0;0;0;0
00365 RIO TINTO;4000006758;10;ZPIN;ARMARIO IGNIFUGO;;0;;4;8/5/2026;CSOSA;1012896;Armario Ignifugo para aerosoles;1,000;Materiales genericos;RESPONDIDO;U365;1;3/5/2026;11/5/2026;10149077;10;1;3/5/2026;3/5/2026;C19;;0;;0;;;;;;;;0,000;1,000;0,000;0,000;;;;0;0;;;;;0,000;0;;;;;;;;;0,000;;;;;;0,000;;0;0;0;0;0;0;0;0;0;0;0;0;0
00365 RIO TINTO;4000006774;10;ZPIN;RACK;;0;;;;AFORTUNA;1016457;ESTANTE TIPO RACK P. BATERIAS D EXTERIOR;2,000;Materiales genericos;SIN TRATAMIENTO;U365;1;7/5/2026;14/5/2026;10149487;10;1;7/5/2026;7/5/2026;C19;;0;;0;;;;;;;;0,000;2,000;0,000;0,000;;;;0;0;;;;;0,000;0;;;;;;;;;0,000;;;;;;0,000;;0;0;0;0;0;0;0;0;0;0;0;0;0
00365 RIO TINTO;;0;;;;0;;;;VCAMPOS;;33007 - SERV REPARACION DE INYECTORES;1,000;;SIN TRATAMIENTO;U365;1;10/3/2026;30/3/2026;10144190;10;1;28/2/2026;2/3/2026;C35;;0;;0;;;;;;;;0,000;1,000;0,000;0,000;;;;0;0;;;;;0,000;0;;;;;;;;;0,000;;;;;;0,000;;2;0;0;0;0;0;0;0;0;0;0;0;0
00365 RIO TINTO;;0;;;;0;;;;VCAMPOS;;33784 - SERV REPARACION DE INYECTORES;1,000;;SIN TRATAMIENTO;U365;1;10/3/2026;25/3/2026;10144191;10;1;28/2/2026;2/3/2026;C35;;0;;0;;;;;;;;0,000;1,000;0,000;0,000;;;;0;0;;;;;0,000;0;;;;;;;;;0,000;;;;;;0,000;;2;0;0;0;0;0;0;0;0;0;0;0;0
00365 RIO TINTO;;0;;;;0;;;;JNARANJO;;CA147-RECAMBIO DE AMORTIGUADORES DELANTE;1,000;;SIN TRATAMIENTO;U365;1;9/4/2026;9/4/2026;10147301;10;1;9/4/2026;9/4/2026;AGV;;0;;0;;;;;;;;0,000;1,000;0,000;0,000;;;;0;0;;;;;0,000;0;;;;;;;;;0,000;;;;;;0,000;;0;0;0;0;0;0;0;0;0;0;0;0;0
00365 RIO TINTO;;0;;;;0;;;;VCAMPOS;;87102 - SERV MANT TIPO 110.000KM AUTOLUX;1,000;;ADJUDICADO;U365;1;5/5/2026;8/5/2026;10149215;10;1;4/5/2026;5/5/2026;C35;4500127685;10;;1;FSOTO;14/5/2026;14/5/2026;15/05/2026;15/5/2026;C35;AUTOLUX SA;1,000;0,000;0,000;0,000;;;;0;0;;;;;0,000;0;;;;;;;;;0,000;;;;;;0,000;;1;9;0;27;0;0;0;0;0;0;0;0;0
