Fecha;Obra;% disponibilidad;Cantidad items MM;Cantidad Stock Nulo;Cantidad Menor a PP;Cantidad Mayor a PP;Cantidad mayor a Stock Maximo;Verificacion;Coordinador
7/1/2025;00038 Fase 7 Veladero-MM;30%;1490;1039;0;76;375;Carga OK;
14/1/2025;00038 Fase 7 Veladero-MM;1%;1490;1490;0;0;0;Carga OK;FINALIZO
2/12/2024;00223 Comp Amb Santa Fe;99%;176;1;8;131;36;Carga OK;
9/12/2024;00223 Comp Amb Santa Fe;95%;176;9;5;127;35;Carga OK;
18/12/2024;00223 Comp Amb Santa Fe;100%;176;0;0;141;35;Carga OK;
23/12/2024;00223 Comp Amb Santa Fe;100%;176;0;0;141;35;Carga OK;
2/1/2025;00223 Comp Amb Santa Fe;93%;183;13;5;128;37;Carga OK;
7/1/2025;00223 Comp Amb Santa Fe;100%;183;0;3;143;37;Carga OK;
14/1/2025;00223 Comp Amb Santa Fe;100%;183;0;5;141;37;Carga OK;
21/1/2025;00223 Comp Amb Santa Fe;100%;182;0;0;144;38;Carga OK;
27/1/2025;00223 Comp Amb Santa Fe;99%;182;1;0;145;36;Carga OK;
3/2/2025;00223 Comp Amb Santa Fe;98%;183;4;3;140;36;Carga OK;
11/2/2025;00223 Comp Amb Santa Fe;99%;183;1;2;143;37;Carga OK;
18/2/2025;00223 Comp Amb Santa Fe;99%;183;1;2;143;37;Carga OK;
7/3/2025;00223 Comp Amb Santa Fe;97%;183;5;3;139;36;Carga OK;
12/3/2025;00223 Comp Amb Santa Fe;97%;183;6;3;138;36;Carga OK;
17/3/2025;00223 Comp Amb Santa Fe;97%;182;6;3;138;35;Carga OK;
31/3/2025;00223 Comp Amb Santa Fe;91%;183;17;5;126;35;Carga OK;
7/4/2025;00223 Comp Amb Santa Fe;86%;184;26;5;122;31;Carga OK;
14/4/2025;00223 Comp Amb Santa Fe;84%;214;35;18;129;32;Carga OK;
22/4/2025;00223 Comp Amb Santa Fe;84%;214;35;18;129;32;Carga OK;
20/5/2025;00223 Comp Amb Santa Fe;93%;217;16;25;149;27;Carga OK;
27/5/2025;00223 Comp Amb Santa Fe;93%;217;16;16;158;27;Carga OK;
2/6/2025;00223 Comp Amb Santa Fe;94%;217;13;21;156;27;Carga OK;
9/6/2025;00223 Comp Amb Santa Fe;92%;217;17;23;151;26;Carga OK;
23/6/2025;00223 Comp Amb Santa Fe;98%;217;5;17;168;27;Carga OK;
17/6/2025;00223 Comp Amb Santa Fe;92%;217;17;23;151;26;Carga OK;
30/6/2025;00223 Comp Amb Santa Fe;94%;216;12;32;146;26;Carga OK;
7/7/2025;00223 Comp Amb Santa Fe;93%;216;15;38;139;24;Carga OK;
15/7/2025;00223 Comp Amb Santa Fe;93%;213;15;36;139;23;Carga OK;
25/7/2025;00223 Comp Amb Santa Fe;92%;213;17;20;151;25;Carga OK;
12/8/2025;00223 Comp Amb Santa Fe;95%;209;10;21;154;24;Carga OK;
19/8/2025;00223 Comp Amb Santa Fe;96%;209;9;18;158;24;Carga OK;
26/8/2025;00223 Comp Amb Santa Fe;94%;209;12;20;153;24;Carga OK;
1/9/2025;00223 Comp Amb Santa Fe;97%;209;7;20;157;25;Carga OK;
8/9/2025;00223 Comp Amb Santa Fe;100%;209;1;14;170;24;Carga OK;
18/9/2025;00223 Comp Amb Santa Fe;92%;209;16;23;139;31;Carga OK;
24/9/2025;00223 Comp Amb Santa Fe;100%;207;1;11;166;29;Carga OK;
29/9/2025;00223 Comp Amb Santa Fe;98%;207;28;18;133;28;Carga OK;
6/10/2025;00223 Comp Amb Santa Fe;84%;201;32;16;129;24;Carga OK;
2/12/2024;00314 CASA Olavarría;99%;495;5;33;256;201;Carga OK;
9/12/2024;00314 CASA Olavarría;98%;495;8;30;267;190;Carga OK;
18/12/2024;00314 CASA Olavarría;99%;496;4;15;291;186;Carga OK;
23/12/2024;00314 CASA Olavarría;98%;496;12;36;292;156;Carga OK;
2/1/2025;00314 CASA Olavarría;98%;496;11;39;297;149;Carga OK;
7/1/2025;00314 CASA Olavarría;96%;496;19;41;303;133;Carga OK;
14/1/2025;00314 CASA Olavarría;97%;496;14;37;317;128;Carga OK;
21/1/2025;00314 CASA Olavarría;98%;496;10;27;327;132;Carga OK;
27/1/2025;00314 CASA Olavarría;99%;499;7;36;326;130;Carga OK;
3/2/2025;00314 CASA Olavarría;98%;498;11;22;323;142;Carga OK;
11/2/2025;00314 CASA Olavarría;97%;498;15;32;326;125;Carga OK;
18/2/2025;00314 CASA Olavarría;96%;498;21;24;321;132;Carga OK;
7/3/2025;00314 CASA Olavarría;96%;678;28;47;430;173;Carga OK;
12/3/2025;00314 CASA Olavarría;96%;500;21;50;317;112;Carga OK;
17/3/2025;00314 CASA Olavarría;97%;500;16;28;340;116;Carga OK;
31/3/2025;00314 CASA Olavarría;97%;500;17;38;336;109;Carga OK;
7/4/2025;00314 CASA Olavarría;97%;677;19;37;437;184;Carga OK;
14/4/2025;00314 CASA Olavarría;94%;693;44;55;415;179;Carga OK;
22/4/2025;00314 CASA Olavarría;94%;693;44;55;415;179;Carga OK;
20/5/2025;00314 CASA Olavarría;96%;691;30;38;457;166;Carga OK;
27/5/2025;00314 CASA Olavarría;96%;691;30;26;464;171;Carga OK;
2/6/2025;00314 CASA Olavarría;95%;708;36;38;467;167;Carga OK;
9/6/2025;00314 CASA Olavarría;95%;709;36;37;459;177;Carga OK;
23/6/2025;00314 CASA Olavarría;97%;708;21;32;488;167;Carga OK;
17/6/2025;00314 CASA Olavarría;98%;708;14;17;500;177;Carga OK;
30/6/2025;00314 CASA Olavarría;96%;709;27;29;478;175;Carga OK;
7/7/2025;00314 CASA Olavarría;95%;709;34;37;466;172;Carga OK;
15/7/2025;00314 CASA Olavarría;94%;709;41;35;479;154;Carga OK;
25/7/2025;00314 CASA Olavarría;97%;710;24;30;502;154;Carga OK;
12/8/2025;00314 CASA Olavarría;97%;713;24;33;499;157;Carga OK;
19/8/2025;00314 CASA Olavarría;98%;710;16;40;496;158;Carga OK;
26/8/2025;00314 CASA Olavarría;97%;710;20;31;494;165;Carga OK;
1/9/2025;00314 CASA Olavarría;97%;712;18;32;503;159;Carga OK;
8/9/2025;00314 CASA Olavarría;96%;710;26;49;493;142;Carga OK;
18/9/2025;00314 CASA Olavarría;98%;710;16;26;522;146;Carga OK;
24/9/2025;00314 CASA Olavarría;98%;711;14;25;522;150;Carga OK;
29/9/2025;00314 CASA Olavarría;97%;715;20;35;517;143;Carga OK;
6/10/2025;00314 CASA Olavarría;98%;716;14;23;528;151;Carga OK;
2/12/2024;00341 Mov. Suelos San Luis;99%;479;7;34;343;95;Carga OK;
9/12/2024;00341 Mov. Suelos San Luis;99%;479;5;39;358;77;Carga OK;
18/12/2024;00341 Mov. Suelos San Luis;100%;479;2;33;357;87;Carga OK;
23/12/2024;00341 Mov. Suelos San Luis;99%;475;7;37;351;80;Carga OK;
2/1/2025;00341 Mov. Suelos San Luis;100%;475;2;43;347;83;Carga OK;
7/1/2025;00341 Mov. Suelos San Luis;99%;475;3;39;348;85;Carga OK;
14/1/2025;00341 Mov. Suelos San Luis;99%;475;7;52;343;73;Carga OK;
21/1/2025;00341 Mov. Suelos San Luis;99%;476;7;52;344;73;Carga OK;
27/1/2025;00341 Mov. Suelos San Luis;98%;475;9;44;352;70;Carga OK;
3/2/2025;00341 Mov. Suelos San Luis;97%;475;14;69;334;58;Carga OK;
11/2/2025;00341 Mov. Suelos San Luis;95%;475;26;61;330;58;Carga OK;
18/2/2025;00341 Mov. Suelos San Luis;94%;475;30;61;327;57;Carga OK;
7/3/2025;00341 Mov. Suelos San Luis;98%;475;10;66;330;69;Carga OK;
12/3/2025;00341 Mov. Suelos San Luis;97%;478;15;70;331;62;Carga OK;
17/3/2025;00341 Mov. Suelos San Luis;96%;482;17;56;335;74;Carga OK;
31/3/2025;00341 Mov. Suelos San Luis;96%;482;18;46;318;100;Carga OK;
7/4/2025;00341 Mov. Suelos San Luis;98%;482;10;45;323;104;Carga OK;
14/4/2025;00341 Mov. Suelos San Luis;98%;482;12;69;305;96;Carga OK;
22/4/2025;00341 Mov. Suelos San Luis;98%;482;12;69;305;96;Carga OK;
20/5/2025;00341 Mov. Suelos San Luis;96%;488;19;56;328;85;Carga OK;
27/5/2025;00341 Mov. Suelos San Luis;95%;489;23;64;323;79;Carga OK;
2/6/2025;00341 Mov. Suelos San Luis;95%;210;10;35;126;39;Carga OK;
9/6/2025;00341 Mov. Suelos San Luis;96%;490;20;44;349;77;Carga OK;
23/6/2025;00341 Mov. Suelos San Luis;97%;487;14;27;351;95;Carga OK;
17/6/2025;00341 Mov. Suelos San Luis;97%;487;14;26;357;90;Carga OK;
30/6/2025;00341 Mov. Suelos San Luis;96%;487;18;42;331;96;Carga OK;
7/7/2025;00341 Mov. Suelos San Luis;96%;487;20;55;321;91;Carga OK;
15/7/2025;00341 Mov. Suelos San Luis;98%;487;10;54;335;88;Carga OK;
25/7/2025;00341 Mov. Suelos San Luis;98%;487;12;49;339;87;Carga OK;
12/8/2025;00341 Mov. Suelos San Luis;99%;487;4;43;338;102;Carga OK;
19/8/2025;00341 Mov. Suelos San Luis;99%;487;5;60;322;100;Carga OK;
26/8/2025;00341 Mov. Suelos San Luis;100%;487;1;44;333;109;Carga OK;
1/9/2025;00341 Mov. Suelos San Luis;99%;478;7;51;315;105;Carga OK;
8/9/2025;00341 Mov. Suelos San Luis;99%;478;5;43;326;104;Carga OK;
18/9/2025;00341 Mov. Suelos San Luis;100%;478;2;44;333;99;Carga OK;
24/9/2025;00341 Mov. Suelos San Luis;98%;480;8;48;331;93;Carga OK;
29/9/2025;00341 Mov. Suelos San Luis;98%;480;11;61;330;78;Carga OK;
6/10/2025;00341 Mov. Suelos San Luis;99%;480;7;56;336;81;Carga OK;
2/12/2024;00359-TR Obra civil Luján de Cuyo;100%;236;0;12;224;0;Carga OK;
9/12/2024;00359-TR Obra civil Luján de Cuyo;100%;236;0;19;217;0;Carga OK;
18/12/2024;00359-TR Obra civil Luján de Cuyo;94%;236;15;21;194;6;Carga OK;
23/12/2024;00359-TR Obra civil Luján de Cuyo;93%;236;17;22;191;6;Carga OK;
2/1/2025;00359-TR Obra civil Luján de Cuyo;93%;236;17;28;185;6;Carga OK;
7/1/2025;00359-TR Obra civil Luján de Cuyo;92%;236;19;29;183;5;Carga OK;
14/1/2025;00359-TR Obra civil Luján de Cuyo;65%;217;77;22;111;7;Carga OK;
21/1/2025;00359-TR Obra civil Luján de Cuyo;58%;217;91;32;90;4;Carga OK;
21/1/2025;00359-TR Obra civil Luján de Cuyo;54%;217;100;35;78;4;Carga OK;
27/1/2025;00359-TR Obra civil Luján de Cuyo;54%;217;100;35;78;4;Carga OK;
3/2/2025;00359-TR Obra civil Luján de Cuyo;54%;217;100;35;78;4;Carga OK;
11/2/2025;00359-TR Obra civil Luján de Cuyo;33%;217;145;22;49;1;Carga OK;FINALIZO
2/12/2024;00369-YPF OLEODUCTO PR-LP PK-451;97%;360;11;21;275;53;Carga OK;
9/12/2024;00369-YPF OLEODUCTO PR-LP PK-451;98%;360;7;29;270;54;Carga OK;
18/12/2024;00369-YPF OLEODUCTO PR-LP PK-451;95%;369;18;65;229;57;Carga OK;
23/12/2024;00369-YPF OLEODUCTO PR-LP PK-451;98%;369;8;76;228;57;Carga OK;
2/1/2025;00369-YPF OLEODUCTO PR-LP PK-451;98%;369;8;76;228;57;Carga OK;
7/1/2025;00369-YPF OLEODUCTO PR-LP PK-451;96%;376;15;76;228;57;Carga OK;
14/1/2025;00369-YPF OLEODUCTO PR-LP PK-451;98%;408;10;41;156;201;Carga OK;
21/1/2025;00369-YPF OLEODUCTO PR-LP PK-451;95%;421;20;41;160;200;Carga OK;
27/1/2025;00369-YPF OLEODUCTO PR-LP PK-451;97%;421;12;52;168;189;Carga OK;
3/2/2025;00369-YPF OLEODUCTO PR-LP PK-451;98%;421;8;67;168;178;Carga OK;
11/2/2025;00369-YPF OLEODUCTO PR-LP PK-451;98%;425;10;59;188;168;Carga OK;
18/2/2025;00369-YPF OLEODUCTO PR-LP PK-451;95%;413;20;59;167;167;Carga OK;
7/3/2025;00369-YPF OLEODUCTO PR-LP PK-451;98%;405;10;45;188;162;Carga OK;
12/3/2025;00369-YPF OLEODUCTO PR-LP PK-451;97%;405;11;57;177;160;Carga OK;
17/3/2025;00369-YPF OLEODUCTO PR-LP PK-451;96%;409;18;61;173;157;Carga OK;
31/3/2025;00369-YPF OLEODUCTO PR-LP PK-451;97%;415;14;46;200;155;Carga OK;
7/4/2025;00369-YPF OLEODUCTO PR-LP PK-451;95%;419;19;62;185;153;Carga OK;
14/4/2025;00369-YPF OLEODUCTO PR-LP PK-451;76%;507;121;66;138;182;Carga OK;
22/4/2025;00369-YPF OLEODUCTO PR-LP PK-451;76%;507;121;66;138;182;Carga OK;
20/5/2025;00369-YPF OLEODUCTO PR-LP PK-451;94%;423;26;54;173;170;Carga OK;
27/5/2025;00369-YPF OLEODUCTO PR-LP PK-451;96%;423;15;45;192;171;Carga OK;
2/6/2025;00369-YPF OLEODUCTO PR-LP PK-451;98%;419;7;40;198;174;Carga OK;
9/6/2025;00369-YPF OLEODUCTO PR-LP PK-451;98%;418;10;60;179;169;Carga OK;
23/4/2025;00369-YPF OLEODUCTO PR-LP PK-451;99%;78;1;15;47;15;Carga OK;
17/6/2025;00369-YPF OLEODUCTO PR-LP PK-451;96%;78;3;15;45;15;Carga OK;
30/6/2025;00369-YPF OLEODUCTO PR-LP PK-451;100%;75;0;16;47;12;Carga OK;
7/7/2025;00369-YPF OLEODUCTO PR-LP PK-451;95%;75;4;19;40;12;Carga OK;
15/7/2025;00369-YPF OLEODUCTO PR-LP PK-451;98%;52;1;19;26;6;Carga OK;
25/7/2025;00369-YPF OLEODUCTO PR-LP PK-451;98%;52;1;22;23;6;Carga OK;
12/8/2025;00369-YPF OLEODUCTO PR-LP PK-451;97%;36;1;6;15;14;Carga OK;
19/8/2025;00369-YPF OLEODUCTO PR-LP PK-451;86%;36;5;11;13;7;Carga OK;
26/8/2025;00369-YPF OLEODUCTO PR-LP PK-451;100%;3;0;1;1;1;Carga OK;
1/9/2025;00369-YPF OLEODUCTO PR-LP PK-451;100%;3;0;2;0;1;Carga OK;
7/1/2025;00364-FLOWLINE YPF;99%;86;1;13;65;7;Carga OK;
14/1/2025;00364-FLOWLINE YPF;97%;86;3;17;61;5;Carga OK;
21/1/2025;00364-FLOWLINE YPF;94%;86;5;22;53;6;Carga OK;
27/1/2025;00364-FLOWLINE YPF;94%;86;5;26;49;6;Carga OK;
3/2/2025;00364-FLOWLINE YPF;94%;86;5;26;49;6;Carga OK;
11/2/2025;00364-FLOWLINE YPF;93%;86;6;26;46;8;Carga OK;
18/2/2025;00364-FLOWLINE YPF;91%;86;8;24;46;8;Carga OK;
7/3/2025;00364-FLOWLINE YPF;88%;86;10;31;37;8;Carga OK;
12/3/2025;00364-FLOWLINE YPF;81%;86;16;37;30;3;Carga OK;
17/3/2025;00364-FLOWLINE YPF;81%;86;16;37;30;3;Carga OK;
31/3/2025;00364-FLOWLINE YPF;79%;86;18;37;29;2;Carga OK;
7/4/2025;00364-FLOWLINE YPF;79%;86;18;38;28;2;Carga OK;
14/4/2025;00364-FLOWLINE YPF;79%;86;18;38;28;2;Carga OK;
22/4/2025;00364-FLOWLINE YPF;79%;86;18;38;28;2;Carga OK;FINALIZO
7/1/2025;00367–Newmont Fase 4A Recrec Dique;95%;837;43;104;580;110;Carga OK;
14/1/2025;00367–Newmont Fase 4A Recrec Dique;98%;826;13;55;624;134;Carga OK;
21/1/2025;00367–Newmont Fase 4A Recrec Dique;98%;826;13;55;624;134;Carga OK;
27/1/2025;00367–Newmont Fase 4A Recrec Dique;98%;824;19;76;604;125;Carga OK;
3/2/2025;00367–Newmont Fase 4A Recrec Dique;98%;824;19;76;604;125;Carga OK;
11/2/2025;00367–Newmont Fase 4A Recrec Dique;97%;789;20;85;587;97;Carga OK;
18/2/2025;00367–Newmont Fase 4A Recrec Dique;96%;788;32;106;530;120;Carga OK;
7/3/2025;00367–Newmont Fase 4A Recrec Dique;93%;769;51;135;465;118;Carga OK;
12/3/2025;00367–Newmont Fase 4A Recrec Dique;97%;666;17;68;473;108;Carga OK;
17/3/2025;00367–Newmont Fase 4A Recrec Dique;97%;666;20;81;464;101;Carga OK;
31/3/2025;00367–Newmont Fase 4A Recrec Dique;94%;666;37;103;429;97;Carga OK;
7/4/2025;00367–Newmont Fase 4A Recrec Dique;97%;553;18;62;387;86;Carga OK;
14/4/2025;00367–Newmont Fase 4A Recrec Dique;96%;557;23;77;370;87;Carga OK;
22/4/2025;00367–Newmont Fase 4A Recrec Dique;96%;557;23;77;370;87;Carga OK;
20/5/2025;00367–Newmont Fase 4A Recrec Dique;96%;561;24;70;374;93;Carga OK;
27/5/2025;00367–Newmont Fase 4A Recrec Dique;96%;561;25;79;366;91;Carga OK;
2/6/2025;00367–Newmont Fase 4A Recrec Dique;95%;561;28;90;358;85;Carga OK;
9/2/2025;00367–Newmont Fase 4A Recrec Dique;96%;561;20;66;396;79;Carga OK;
23/6/2025;00367–Newmont Fase 4A Recrec Dique;94%;563;36;76;371;80;Carga OK;
17/6/2025;00367–Newmont Fase 4A Recrec Dique;95%;564;27;69;386;82;Carga OK;
30/6/2025;00367–Newmont Fase 4A Recrec Dique;97%;563;16;60;409;78;Carga OK;
7/7/2025;00367–Newmont Fase 4A Recrec Dique;97%;554;17;64;398;75;Carga OK;
15/7/2025;00367–Newmont Fase 4A Recrec Dique;96%;553;21;70;389;73;Carga OK;
25/7/2025;00367–Newmont Fase 4A Recrec Dique;95%;553;29;74;377;73;Carga OK;
12/8/2025;00367–Newmont Fase 4A Recrec Dique;97%;550;16;58;398;78;Carga OK;
19/8/2025;00367–Newmont Fase 4A Recrec Dique;95%;548;26;67;382;73;Carga OK;
26/8/2025;00367–Newmont Fase 4A Recrec Dique;95%;548;27;76;373;72;Carga OK;
1/9/2025;00367–Newmont Fase 4A Recrec Dique;98%;305;5;47;231;22;Carga OK;
8/9/2025;00367–Newmont Fase 4A Recrec Dique;98%;335;7;62;241;25;Carga OK;
18/9/2025;00367–Newmont Fase 4A Recrec Dique;97%;335;10;71;230;24;Carga OK;
7/1/2025;00368-YPF Acueducto TBH;95%;634;27;55;460;92;Carga OK;
14/1/2025;00368-YPF Acueducto TBH;96%;634;26;39;480;89;Carga OK;
21/1/2025;00368-YPF Acueducto TBH;96%;633;25;40;479;89;Carga OK;
27/1/2025;00368-YPF Acueducto TBH;94%;640;41;77;435;87;Carga OK;
3/2/2025;00368-YPF Acueducto TBH;94%;640;41;77;435;87;Carga OK;
11/2/2025;00368-YPF Acueducto TBH;92%;644;54;72;438;80;Carga OK;
18/2/2025;00368-YPF Acueducto TBH;92%;627;52;55;347;173;Carga OK;
7/3/2025;00368-YPF Acueducto TBH;87%;627;79;69;320;159;Carga OK;
12/3/2025;00368-YPF Acueducto TBH;86%;627;89;70;314;154;Carga OK;
17/3/2025;00368-YPF Acueducto TBH;92%;627;48;50;368;161;Carga OK;
31/3/2025;00368-YPF Acueducto TBH;95%;632;30;67;383;152;Carga OK;
7/4/2025;00368-YPF Acueducto TBH;96%;631;23;62;396;150;Carga OK;
14/4/2025;00368-YPF Acueducto TBH;93%;638;47;59;389;143;Carga OK;
22/4/2025;00368-YPF Acueducto TBH;93%;638;47;59;389;143;Carga OK;
20/5/2025;00368-YPF Acueducto TBH;96%;561;24;70;374;93;Carga OK;
27/5/2025;00368-YPF Acueducto TBH;90%;649;67;70;400;112;Carga OK;
5/6/2025;00368-YPF Acueducto TBH;96%;647;26;41;464;116;Carga OK;
9/6/2025;00368-YPF Acueducto TBH;95%;657;31;93;421;112;Carga OK;
23/4/2025;00368-YPF Acueducto TBH;97%;657;21;58;467;111;Carga OK;
17/6/2025;00368-YPF Acueducto TBH;95%;564;27;69;386;82;Carga OK;
30/6/2025;00368-YPF Acueducto TBH;92%;661;54;101;399;107;Carga OK;
7/7/2025;00368-YPF Acueducto TBH;94%;668;39;84;431;114;Carga OK;
15/7/2025;00368-YPF Acueducto TBH;95%;666;31;88;437;110;Carga OK;
25/7/2025;00368-YPF Acueducto TBH;98%;666;12;44;468;142;Carga OK;
12/8/2025;00368-YPF Acueducto TBH;95%;661;31;117;375;138;Carga OK;
19/8/2025;00368-YPF Acueducto TBH;98%;660;13;66;443;138;Carga OK;
26/8/2025;00368-YPF Acueducto TBH;97%;662;20;93;422;127;Carga OK;
1/9/2025;00368-YPF Acueducto TBH;98%;662;12;66;462;122;Carga OK;
8/9/2025;00368-YPF Acueducto TBH;98%;661;15;74;460;112;Carga OK;
18/9/2025;00368-YPF Acueducto TBH;96%;661;24;72;452;113;Carga OK;
24/9/2025;00368-YPF Acueducto TBH;99%;661;9;83;453;116;Carga OK;
29/9/2025;00368-YPF Acueducto TBH;98%;662;14;99;433;116;Carga OK;
6/10/2025;00368-YPF Acueducto TBH;95%;662;30;119;400;113;Carga OK;
7/1/2025;00371 Veladero F8A;39%;944;577;89;198;80;Carga OK;
14/1/2025;00371 Veladero F8A;83%;871;145;124;452;150;Carga OK;
21/1/2025;00371 Veladero F8A;83%;873;147;124;452;150;Carga OK;
27/1/2025;00371 Veladero F8A;83%;910;152;137;470;151;Carga OK;
3/2/2025;00371 Veladero F8A;83%;910;152;137;470;151;Carga OK;
11/2/2025;00371 Veladero F8A;85%;908;133;226;446;103;Carga OK;
18/2/2025;00371 Veladero F8A;90%;908;92;210;485;121;Carga OK;
7/3/2025;00371 Veladero F8A;94%;915;59;146;592;118;Carga OK;
12/3/2025;00371 Veladero F8A;95%;914;44;170;582;118;Carga OK;
17/3/2025;00371 Veladero F8A;94%;914;51;146;606;111;Carga OK;
31/3/2025;00371 Veladero F8A;96%;380;15;75;272;18;Carga OK;
7/4/2025;00371 Veladero F8A;100%;886;0;0;59;827;Carga OK;
22/4/2025;00371 Veladero F8A;100%;877;1;65;811;0;Carga OK;
20/5/2025;00371 Veladero F8A;100%;859;0;0;65;794;Carga OK;CAMBIO DE FASE
21/1/2025;00374 TERMINAL PUNTA COLORADA;0%;286;286;0;0;0;Carga OK;
27/1/2025;00374 TERMINAL PUNTA COLORADA;12%;286;253;20;13;0;Carga OK;
3/2/2025;00374 TERMINAL PUNTA COLORADA;12%;286;253;20;13;0;Carga OK;
11/2/2025;00374 TERMINAL PUNTA COLORADA;24%;680;514;144;20;2;Carga OK;
18/2/2025;00374 TERMINAL PUNTA COLORADA;39%;685;418;123;128;16;Carga OK;
7/3/2025;00374 TERMINAL PUNTA COLORADA;54%;684;315;70;272;27;Carga OK;
12/3/2025;00374 TERMINAL PUNTA COLORADA;54%;684;316;70;271;27;Carga OK;
17/3/2025;00374 TERMINAL PUNTA COLORADA;74%;684;180;35;407;62;Carga OK;
31/3/2025;00374 TERMINAL PUNTA COLORADA;87%;618;80;31;362;145;Carga OK;
7/4/2025;00374 TERMINAL PUNTA COLORADA;88%;674;84;59;381;150;Carga OK;
14/4/2025;00374 TERMINAL PUNTA COLORADA;89%;673;73;75;396;129;Carga OK;
22/4/2025;00374 TERMINAL PUNTA COLORADA;89%;673;73;75;396;129;Carga OK;
20/5/2025;00374 TERMINAL PUNTA COLORADA;82%;790;144;82;457;107;Carga OK;
27/5/2025;00374 TERMINAL PUNTA COLORADA;93%;790;52;79;558;101;Carga OK;
2/6/2025;00374 TERMINAL PUNTA COLORADA;94%;794;47;84;561;102;Carga OK;
9/6/2025;00374 TERMINAL PUNTA COLORADA;93%;819;54;90;554;121;Carga OK;
23/6/2025;00374 TERMINAL PUNTA COLORADA;93%;819;61;104;541;113;Carga OK;
17/6/2025;00374 TERMINAL PUNTA COLORADA;93%;819;54;106;538;121;Carga OK;
30/6/2025;00374 TERMINAL PUNTA COLORADA;95%;825;44;66;584;131;Carga OK;
7/7/2025;00374 TERMINAL PUNTA COLORADA;95%;831;41;67;597;126;Carga OK;
15/7/2025;00374 TERMINAL PUNTA COLORADA;97%;830;23;49;629;129;Carga OK;
25/7/2025;00374 TERMINAL PUNTA COLORADA;95%;835;38;69;605;123;Carga OK;
12/8/2025;00374 TERMINAL PUNTA COLORADA;95%;885;41;74;646;124;Carga OK;
19/8/2025;00374 TERMINAL PUNTA COLORADA;97%;885;24;62;685;114;Carga OK;
26/8/2025;00374 TERMINAL PUNTA COLORADA;98%;891;22;46;712;111;Carga OK;
1/9/2025;00374 TERMINAL PUNTA COLORADA;99%;720;7;38;585;90;Carga OK;
8/9/2025;00374 TERMINAL PUNTA COLORADA;97%;874;24;42;692;116;Carga OK;
18/9/2025;00374 TERMINAL PUNTA COLORADA;96%;874;32;71;672;99;Carga OK;
24/9/2025;00374 TERMINAL PUNTA COLORADA;97%;880;27;46;694;113;Carga OK;
29/9/2025;00374 TERMINAL PUNTA COLORADA;96%;866;34;65;670;97;;
6/10/2025;00374 TERMINAL PUNTA COLORADA;96%;866;32;70;669;95;Carga OK;
20/5/2025;00375 YPF OLEODUCTO PR-LP;8%;397;367;12;8;10;Carga OK;
27/5/2025;00375 YPF OLEODUCTO PR-LP;12%;471;415;14;24;18;Carga OK;
2/6/2025;00375 YPF OLEODUCTO PR-LP;52%;467;222;24;181;40;Carga OK;
9/6/2025;00375 YPF OLEODUCTO PR-LP;93%;819;54;90;554;121;Carga OK;
24/6/2025;00375 YPF OLEODUCTO PR-LP;78%;468;101;43;264;60;Carga OK;
17/6/2025;00375 YPF OLEODUCTO PR-LP;82%;468;84;34;292;58;Carga OK;
30/6/2025;00375 YPF OLEODUCTO PR-LP;90%;468;49;38;311;70;Carga OK;
7/7/2025;00375 YPF OLEODUCTO PR-LP;95%;462;25;42;331;64;Carga OK;
15/7/2025;00375 YPF OLEODUCTO PR-LP;97%;462;15;43;342;62;Carga OK;
25/7/2025;00375 YPF OLEODUCTO PR-LP;96%;462;18;32;352;60;Carga OK;
12/8/2025;00375 YPF OLEODUCTO PR-LP;98%;462;7;21;375;59;Carga OK;
19/8/2025;00375 YPF OLEODUCTO PR-LP;99%;462;5;15;383;59;Carga OK;
26/8/2025;00375 YPF OLEODUCTO PR-LP;98%;462;11;12;380;59;Carga OK;
1/9/2025;00375 YPF OLEODUCTO PR-LP;99%;463;4;6;392;61;Carga OK;
8/9/2025;00375 YPF OLEODUCTO PR-LP;99%;463;6;18;375;64;Carga OK;
18/9/2025;00375 YPF OLEODUCTO PR-LP;97%;463;14;25;319;105;Carga OK;
24/9/2025;00375 YPF OLEODUCTO PR-LP;97%;463;12;24;300;127;Carga OK;
29/9/2025;00375 YPF OLEODUCTO PR-LP;97%;463;12;24;300;127;Carga OK;
6/10/2025;00375 YPF OLEODUCTO PR-LP;98%;463;10;24;287;142;Carga OK;
26/8/2025;0376 VELADERO FASE 8B /SAN JUAN;8%;870;802;7;10;51;Carga OK;
1/9/2025;0376 VELADERO FASE 8B /SAN JUAN;8%;870;797;10;11;52;Carga OK;
8/9/2025;0376 VELADERO FASE 8B /SAN JUAN;8%;871;798;11;11;51;Carga OK;
18/9/2025;0376 VELADERO FASE 8B /SAN JUAN;88%;873;105;182;425;161;Carga OK;
24/9/2025;0376 VELADERO FASE 8B /SAN JUAN;89%;878;100;148;469;161;Carga OK;
29/9/2025;0376 VELADERO FASE 8B /SAN JUAN;98%;878;15;32;658;173;Carga OK;
6/10/2025;0376 VELADERO FASE 8B /SAN JUAN;98%;882;19;53;644;166;Carga OK;
19/8/2025;00372 UTE 372 GEO POSCO II;39%;241;148;19;58;16;Carga OK;
25/8/2025;00372 UTE 372 GEO POSCO II;38%;241;149;20;57;15;Carga OK;
1/9/2025;00372 UTE 372 GEO POSCO II;46%;671;365;41;172;93;Carga OK;
8/9/2025;00372 UTE 372 GEO POSCO II;78%;378;82;28;190;78;Carga OK;
18/9/2025;00372 UTE 372 GEO POSCO II;83%;383;64;36;214;69;Carga OK;
29/9/2025;00372 UTE 372 GEO POSCO II;79%;404;83;46;190;85;Carga OK;
6/10/2025;00372 UTE 372 GEO POSCO II;83%;405;70;46;184;105;Carga OK;
13/10/2025;00223 Comp Amb Santa Fe;99%;201;3;16;153;29;#¡VALOR!;
13/10/2025;00314 CASA Olavarría;96%;714;30;40;502;142;#¡VALOR!;
13/10/2025;00341 Mov. Suelos San Luis;97%;479;14;64;334;67;#¡VALOR!;
13/10/2025;00365 RIO TINTO;85%;667;103;86;205;273;#¡VALOR!;
13/10/2025;00368-YPF Acueducto TBH;94%;661;42;127;383;109;#¡VALOR!;
13/10/2025;00374 TERMINAL PUNTA COLORADA;96%;867;32;65;649;121;#¡VALOR!;
13/10/2025;00375 YPF OLEODUCTO PR-LP;96%;466;20;23;287;136;#¡VALOR!;
13/10/2025;0376 VELADERO FASE 8B /SAN JUAN;97%;881;23;54;645;159;#¡VALOR!;
13/10/2025;00372 UTE 372 GEO POSCO II;85%;403;59;46;188;110;#¡VALOR!;
2/12/2024;00365 RIO TINTO;73%;440;120;56;99;165;Carga OK;
9/12/2024;00365 RIO TINTO;25%;440;329;21;29;61;Carga OK;
18/12/2024;00365 RIO TINTO;67%;441;144;51;89;157;Carga OK;
23/12/2024;00365 RIO TINTO;67%;441;144;51;89;157;Carga OK;
2/1/2025;00365 RIO TINTO;51%;441;214;52;78;97;Carga OK;
7/1/2025;00365 RIO TINTO;51%;441;214;52;78;97;Carga OK;
14/1/2025;00365 RIO TINTO;6%;51;48;0;1;2;Carga OK;
21/1/2025;00365 RIO TINTO;6%;51;48;0;1;2;Carga OK;
27/1/2025;00365 RIO TINTO;6%;51;48;0;1;2;Carga OK;
3/2/2025;00365 RIO TINTO;6%;51;48;0;1;2;Carga OK;
11/2/2025;00365 RIO TINTO;6%;51;48;0;1;2;Carga OK;
18/2/2025;00365 RIO TINTO;6%;51;48;0;1;2;Carga OK;
7/3/2025;00365 RIO TINTO;6%;51;48;0;1;2;Carga OK;
12/3/2025;00365 RIO TINTO;6%;51;48;0;1;2;Carga OK;
17/3/2025;00365 RIO TINTO;6%;51;48;0;1;2;Carga OK;
31/3/2025;00365 RIO TINTO;6%;51;48;0;1;2;Carga OK;
22/4/2025;00365 RIO TINTO;58%;556;234;81;94;147;Carga OK;
22/5/2025;00365 RIO TINTO;53%;644;305;95;101;143;Carga OK;
27/5/2025;00365 RIO TINTO;56%;644;284;85;121;154;Carga OK;
2/6/2025;00365 RIO TINTO;55%;627;285;81;107;154;Carga OK;
9/6/2025;00365 RIO TINTO;56%;627;278;65;114;170;Carga OK;
23/6/2025;00365 RIO TINTO;71%;634;185;56;189;204;Carga OK;
30/6/2025;00365 RIO TINTO;72%;545;154;56;164;171;Carga OK;
7/7/2025;00365 RIO TINTO;74%;567;148;44;182;193;Carga OK;
15/7/2025;00365 RIO TINTO;73%;566;150;45;179;192;Carga OK;
25/7/2025;00365 RIO TINTO;86%;566;77;13;187;289;Carga OK;
12/8/2025;00365 RIO TINTO;80%;628;126;38;177;287;Carga OK;
19/8/2025;00365 RIO TINTO;84%;628;99;44;215;270;Carga OK;
26/8/2025;00365 RIO TINTO;86%;628;89;52;223;264;Carga OK;
1/9/2025;00365 RIO TINTO;87%;660;83;77;211;289;Carga OK;
8/9/2025;00365 RIO TINTO;89%;656;74;67;203;312;Carga OK;
18/9/2025;00365 RIO TINTO;87%;679;91;89;212;287;Carga OK;
24/9/2025;00365 RIO TINTO;81%;696;130;130;174;262;Carga OK;
29/9/2025;00365 RIO TINTO;86%;696;99;119;190;288;Carga OK;
6/10/2025;00365 RIO TINTO;88%;696;85;105;233;273;Carga OK;
13/10/2025;00365 RIO TINTO;85%;667;103;86;205;273;Carga OK;
20/10/2025;00223 Comp Amb Santa Fe;87%;201;26;15;134;26;Carga OK;
27/10/2025;00223 Comp Amb Santa Fe;92%;201;16;15;143;27;Carga OK;
3/11/2025;00223 Comp Amb Santa Fe;100%;201;0;13;160;28;Carga OK;
10/11/2025;00223 Comp Amb Santa Fe;100%;181;0;7;142;32;Carga OK;
17/11/2025;00223 Comp Amb Santa Fe;94%;165;10;11;116;28;Carga OK;
25/11/2025;00223 Comp Amb Santa Fe;94%;165;10;12;116;27;Carga OK;
20/10/2025;00314 CASA Olavarría;95%;716;33;45;494;144;Carga OK;
27/10/2025;00314 CASA Olavarría;94%;718;44;50;480;144;Carga OK;
3/11/2025;00314 CASA Olavarría;93%;720;48;51;471;150;Carga OK;
10/11/2025;00314 CASA Olavarría;96%;720;27;43;483;167;Carga OK;
17/11/2025;00314 CASA Olavarría;98%;725;18;28;512;167;Carga OK;
25/11/2025;00314 CASA Olavarría;95%;726;34;27;506;159;Carga OK;
20/10/2025;00341 Mov. Suelos San Luis;97%;479;12;49;341;77;Carga OK;
27/10/2025;00341 Mov. Suelos San Luis;99%;479;7;42;334;96;Carga OK;
3/11/2025;00341 Mov. Suelos San Luis;99%;479;4;33;344;98;Carga OK;
10/11/2025;00341 Mov. Suelos San Luis;99%;479;5;41;336;97;Carga OK;
17/11/2025;00341 Mov. Suelos San Luis;99%;479;3;43;337;96;Carga OK;
25/11/2025;00341 Mov. Suelos San Luis;99%;479;7;46;334;92;Carga OK;
20/10/2025;00365 RIO TINTO;84%;667;110;98;191;268;Carga OK;
27/10/2025;00365 RIO TINTO;83%;667;113;100;192;262;Carga OK;
3/11/2025;00365 RIO TINTO;90%;667;66;96;235;270;Carga OK;
10/11/2025;00365 RIO TINTO;90%;662;66;87;234;275;Carga OK;
17/11/2025;00365 RIO TINTO;91%;664;60;98;222;284;Carga OK;
25/11/2025;00365 RIO TINTO;91%;664;59;93;233;279;Carga OK;
20/10/2025;00368-YPF Acueducto TBH;98%;661;16;82;449;114;Carga OK;
27/10/2025;00368-YPF Acueducto TBH;96%;661;24;124;401;112;Carga OK;
3/11/2025;00368-YPF Acueducto TBH;96%;631;24;99;401;107;Carga OK;
10/11/2025;00368-YPF Acueducto TBH;97%;616;18;84;412;102;Carga OK;
17/11/2025;00368-YPF Acueducto TBH;97%;604;19;71;415;99;Carga OK;
25/11/2025;00368-YPF Acueducto TBH;96%;604;23;78;407;96;Carga OK;
20/10/2025;00374 TERMINAL PUNTA COLORADA;97%;867;24;52;667;124;#¡VALOR!;
27/10/2025;00374 TERMINAL PUNTA COLORADA;83%;1016;174;75;635;132;#¡VALOR!;
3/11/2025;00374 TERMINAL PUNTA COLORADA;83%;1024;171;40;620;193;#¡VALOR!;
10/11/2025;00374 TERMINAL PUNTA COLORADA;90%;1017;105;62;630;220;#¡VALOR!;
17/11/2025;00374 TERMINAL PUNTA COLORADA;91%;1015;94;89;629;203;#¡VALOR!;
25/11/2025;00374 TERMINAL PUNTA COLORADA;93%;1012;73;54;672;213;#¡VALOR!;
20/10/2025;00375 YPF OLEODUCTO PR-LP;95%;466;21;33;287;125;#¡VALOR!;
27/10/2025;00375 YPF OLEODUCTO PR-LP;98%;465;11;21;305;128;#¡VALOR!;
3/11/2025;00375 YPF OLEODUCTO PR-LP;97%;465;13;32;294;126;#¡VALOR!;
10/11/2025;00375 YPF OLEODUCTO PR-LP;94%;465;26;34;287;118;#¡VALOR!;
17/11/2025;00375 YPF OLEODUCTO PR-LP;96%;465;18;28;305;114;#¡VALOR!;
25/11/2025;00375 YPF OLEODUCTO PR-LP;97%;465;13;26;313;113;#¡VALOR!;
20/10/2025;0376 VELADERO FASE 8B /SAN JUAN;99%;881;12;51;671;147;#¡VALOR!;
27/10/2025;0376 VELADERO FASE 8B /SAN JUAN;98%;880;15;63;655;147;#¡VALOR!;
3/11/2025;0376 VELADERO FASE 8B /SAN JUAN;97%;885;30;93;624;138;#¡VALOR!;
10/11/2025;0376 VELADERO FASE 8B /SAN JUAN;97%;889;31;83;645;130;#¡VALOR!;
17/11/2025;0376 VELADERO FASE 8B /SAN JUAN;97%;889;23;96;646;124;#¡VALOR!;
25/11/2025;0376 VELADERO FASE 8B /SAN JUAN;96%;894;40;139;598;117;#¡VALOR!;
20/10/2025;00372 UTE 372 GEO POSCO II;85%;403;61;55;169;118;#¡VALOR!;
27/10/2025;00372 UTE 372 GEO POSCO II;88%;403;48;54;157;144;#¡VALOR!;
3/11/2025;00372 UTE 372 GEO POSCO II;92%;403;32;49;178;144;#¡VALOR!;
10/11/2025;00372 UTE 372 GEO POSCO II;91%;405;36;56;180;133;#¡VALOR!;
17/11/2025;00372 UTE 372 GEO POSCO II;93%;404;30;50;188;136;#¡VALOR!;
25/11/2025;00372 UTE 372 GEO POSCO II;95%;401;22;38;209;132;#¡VALOR!;
1/12/2025;00223 Comp Amb Santa Fe;99%;165;2;14;123;26;#¡VALOR!;
9/12/2025;00223 Comp Amb Santa Fe;97%;165;5;15;116;29;#¡VALOR!;
15/12/2025;00223 Comp Amb Santa Fe;97%;165;5;18;114;28;#¡VALOR!;
22/12/2025;00223 Comp Amb Santa Fe;92%;165;13;19;108;25;#¡VALOR!;
1/12/2025;00314 CASA Olavarría;96%;726;30;23;491;182;#¡VALOR!;
9/12/2025;00314 CASA Olavarría;97%;726;23;29;501;173;#¡VALOR!;
15/12/2025;00314 CASA Olavarría;97%;726;21;32;504;169;#¡VALOR!;
22/12/2025;00314 CASA Olavarría;97%;726;21;19;509;177;#¡VALOR!;
1/12/2025;00341 Mov. Suelos San Luis;98%;479;9;49;328;93;#¡VALOR!;
9/12/2025;00341 Mov. Suelos San Luis;97%;479;15;48;332;84;#¡VALOR!;
15/12/2025;00341 Mov. Suelos San Luis;98%;480;8;43;344;85;#¡VALOR!;
22/12/2025;00341 Mov. Suelos San Luis;98%;480;8;36;345;91;#¡VALOR!;
1/12/2025;00365 RIO TINTO;89%;714;81;161;220;252;#¡VALOR!;
9/12/2025;00365 RIO TINTO;87%;714;92;162;211;249;#¡VALOR!;
22/12/2025;00365 RIO TINTO;89%;714;75;138;233;268;#¡VALOR!;
1/12/2025;00368-YPF Acueducto TBH;95%;602;31;82;394;95;#¡VALOR!;
9/12/2025;00368-YPF Acueducto TBH;97%;592;16;76;406;94;#¡VALOR!;
15/12/2025;00368-YPF Acueducto TBH;97%;592;17;66;419;90;#¡VALOR!;
22/12/2025;00368-YPF Acueducto TBH;97%;592;19;65;414;94;#¡VALOR!;
1/12/2025;00374 TERMINAL PUNTA COLORADA;96%;1012;42;76;662;232;#¡VALOR!;
9/12/2025;00374 TERMINAL PUNTA COLORADA;95%;1013;53;80;682;198;#¡VALOR!;
15/12/2025;00374 TERMINAL PUNTA COLORADA;94%;1012;65;85;668;194;#¡VALOR!;
22/12/2025;00374 TERMINAL PUNTA COLORADA;97%;1016;27;55;738;196;#¡VALOR!;
1/12/2025;00375 YPF OLEODUCTO PR-LP;95%;465;25;37;290;113;#¡VALOR!;
9/12/2025;00375 YPF OLEODUCTO PR-LP;93%;477;32;35;293;117;#¡VALOR!;
15/12/2025;00375 YPF OLEODUCTO PR-LP;92%;471;36;34;291;110;#¡VALOR!;
22/12/2025;00375 YPF OLEODUCTO PR-LP;91%;471;41;37;284;109;#¡VALOR!;
1/12/2025;0376 VELADERO FASE 8B /SAN JUAN;99%;893;13;90;668;122;#¡VALOR!;
9/12/2025;0376 VELADERO FASE 8B /SAN JUAN;97%;894;28;152;591;123;#¡VALOR!;
15/12/2025;0376 VELADERO FASE 8B /SAN JUAN;97%;900;25;115;632;128;#¡VALOR!;
22/12/2025;0376 VELADERO FASE 8B /SAN JUAN;98%;901;17;84;676;124;#¡VALOR!;
1/12/2025;00372 UTE 372 GEO POSCO II;93%;399;26;40;203;130;#¡VALOR!;
9/12/2025;00372 UTE 372 GEO POSCO II;93%;406;28;39;217;122;#¡VALOR!;
15/12/2025;00372 UTE 372 GEO POSCO II;93%;405;30;38;214;123;#¡VALOR!;
22/12/2025;00372 UTE 372 GEO POSCO II;97%;404;14;27;233;130;#¡VALOR!;
