CLIENTE;CODIGO ITEM;DESCRIPCION ITEM;TIPO DOC;NRO. VA01/VA21;ESTADO ITEM;NRO. OC;FECHA RECEPCION;FECHA PICKING;FECHA CONTABILIZACION VL;F. ENTREGA esperada;Fecha emisión;GrupoCompra OC;Solped;Tipo Stock;Grupo compra material
00223 Comp Amb Santa Fe;1001796;ACEITE MOTOR 2T X 1 LT;ZPAS;1000080414;PICKEADO PARCIAL;;;;;27/1/2026;5/1/2026;;;ZSTO;
00223 Comp Amb Santa Fe;1002022;PANTALON JEAN T.60;ZPAS;1000080414;PICKEADO PARCIAL;;;;;27/1/2026;5/1/2026;;;ZSTO;
00223 Comp Amb Santa Fe;1002516;FILTRO ACEITE XUN;ZPAS;1000080048;EMBALADO;;;26/12/2025;;14/1/2026;23/12/2025;;;ZSTO;
00223 Comp Amb Santa Fe;1002552;COMBUSTIBLE J.D. XUN;ZPAS;1000080048;EMBALADO PARCIAL;;;26/12/2025;;14/1/2026;23/12/2025;;;ZSTO;
00223 Comp Amb Santa Fe;1002557;FILTRO COMBUSTIBLE XUN;ZPAS;1000080048;EMBALADO;;;26/12/2025;;14/1/2026;23/12/2025;;;ZSTO;
00223 Comp Amb Santa Fe;1002613;FILTRO AIRE;ZPAS;1000080048;EMBALADO;;;26/12/2025;;14/1/2026;23/12/2025;;;ZSTO;
00223 Comp Amb Santa Fe;1002621;FILTRO AIRE 1 XUN;ZPAS;1000080048;EMBALADO;;;26/12/2025;;14/1/2026;23/12/2025;;;ZSTO;
00223 Comp Amb Santa Fe;1002623;FILTRO AIRE 2 XUN;ZPAS;1000080048;EMBALADO;;;26/12/2025;;14/1/2026;23/12/2025;;;ZSTO;
00223 Comp Amb Santa Fe;1002781;FILTRO AIRE;ZPAS;1000080048;EMBALADO;;;26/12/2025;;14/1/2026;23/12/2025;;;ZSTO;
00223 Comp Amb Santa Fe;1002901;FILTRO ACEITE;ZPAS;1000080048;EMBALADO;;;26/12/2025;;14/1/2026;23/12/2025;;;ZSTO;
00223 Comp Amb Santa Fe;1003138;FILTRO DE COMBUSTIBLE;ZPAS;1000080048;EMBALADO;;;26/12/2025;;14/1/2026;23/12/2025;;;ZSTO;
00223 Comp Amb Santa Fe;1016537;KIT FILTRO DE AIRE PRIMARIO Y SECUNDARIO;ZPAS;1000080048;EMBALADO;;;26/12/2025;;14/1/2026;23/12/2025;;;ZSTO;
00314 CASA Olavarría;1042215;CILINDRO COLUMNA DIRECCION CAT 775;SIN PEDIDO;;;;;;;;;;;ZSTO;
00314 CASA Olavarría;1036372;VARILLA MEDICION DE ACEITE MOTOR;ZPAN;1000076877;ADJUDICADO;4500112607;;;;20/11/2025;31/10/2025;C03;10134821;ZSTO;
00314 CASA Olavarría;1035250;GRASA COBREADA BOMBEABLE X 23 KG.;SIN PEDIDO;;;;;;;;;;;ZSCD;
00314 CASA Olavarría;1034539;OPTICA DE GIRO;ZPAN;1000080215;ADJUDICADO;4500116521;;;;12/1/2026;29/12/2025;C03;10139297;ZSTO;
00314 CASA Olavarría;1026196;PATIN DE CORREDERA BRONCE;SIN PEDIDO;;;;;;;;;;;ZSTO;
00314 CASA Olavarría;1016432;Tapa Tanque de Urea;ZPAN;1000080581;SIN TRATAMIENTO;;;;;23/1/2026;8/1/2026;;10139832;ZSTO;
00314 CASA Olavarría;1016262;Filtro Aire de Unidad Compresora Exterio;ZPAS;1000079662;DESPACHADO;;;7/1/2026;8/1/2026;26/12/2025;16/12/2025;;;ZSTO;
00314 CASA Olavarría;1016255;Filtro Admision Interior;ZPAS;1000078653;SIN TRATAMIENTO;;;;;12/12/2025;28/11/2025;;;ZSTO;
00314 CASA Olavarría;1003773;SENSOR;ZPAN;1000079650;EMBALADO;4500116257;6/1/2026;6/1/2026;;2/1/2026;16/12/2025;C03;10138355;ZSTO;
00314 CASA Olavarría;1003694;PIN STOP;SIN PEDIDO;;;;;;;;;;;ZSTO;
00314 CASA Olavarría;1003678;CHISEL (W P);ZPAS;1000078981;SIN TRATAMIENTO;;;;;19/12/2025;4/12/2025;;;ZSTO;
00314 CASA Olavarría;1003445;TOMA FUERZA XUN;ZPAN;1000079142;ADJUDICADO;4500115056;;;;22/12/2025;6/12/2025;C29;10137678;ZSTO;
00314 CASA Olavarría;1002870;FILTRO ACEITE UNID. COMPRES.;ZPAS;1000079662;SIN TRATAMIENTO;;;;;26/12/2025;16/12/2025;;;ZSTO;
00314 CASA Olavarría;1002624;FILTRO GASOIL;SIN PEDIDO;;;;;;;;;;;ZSTO;
00314 CASA Olavarría;1002591;FILTRO DE COMBUSTIBLE PRINCIPAL XU;SIN PEDIDO;;;;;;;;;;;ZSTO;
00314 CASA Olavarría;1002339;PUNTA DAEMO CONICA X UN (GRUESA MART G;SIN PEDIDO;;;;;;;;;;;ZSTO;
00314 CASA Olavarría;1001917;ESCOBILLON PLASTICO SIN CABO;ZPAN;1000077191;RECEPCIONADO;4500113086;20/11/2025;;;14/11/2025;5/11/2025;C17;10135189;ZSTO;
00314 CASA Olavarría;1001707;CHALECOGRAFANARANJACONREFLETIVOT.XLC2;ZPAN;1000078665;ADJUDICADO;4500116868;;;;20/1/2026;28/11/2025;C01;10137078;ZSTO;
00341 Mov. Suelos San Luis;1028006;KIT DE EMBRAGUE VW;SIN PEDIDO;;;;;;;;;;;ZSTO;
00341 Mov. Suelos San Luis;1027427;ACEITE CORENA S4 R46 X 20LTS;SIN PEDIDO;;;;;;;;;;;ZSCD;
00341 Mov. Suelos San Luis;1022713;COMPRESOR A/A;SIN PEDIDO;;;;;;;;;;;ZSTO;
00341 Mov. Suelos San Luis;1004030;LAMPARA 24V-5W S CULOTE XUN;ZPAS;1000079678;DESPACHADO;;;23/12/2025;30/12/2025;7/1/2026;16/12/2025;;;ZSTO;
00341 Mov. Suelos San Luis;1003360;FILTRO A A CABINA EXTERIOR;ZPAS;1000079678;DESPACHADO;;;23/12/2025;30/12/2025;7/1/2026;16/12/2025;;;ZSTO;
00341 Mov. Suelos San Luis;1003356;FILTRO SEPAR ACEITE;ZPAS;1000080448;SIN TRATAMIENTO;;;;;26/1/2026;6/1/2026;;;ZSTO;
00341 Mov. Suelos San Luis;1003176;FILTRO A A CABINA INTERIOR;ZPAS;1000079969;DESPACHADO;;;5/1/2026;8/1/2026;13/1/2026;22/12/2025;;;ZSTO;
00341 Mov. Suelos San Luis;1002902;FILTRO HABITACULO XUN;ZPAS;1000079969;DESPACHADO;;;23/12/2025;30/12/2025;13/1/2026;22/12/2025;;;ZSTO;
00341 Mov. Suelos San Luis;1002408;SEGMENTOS DE CORTE CENTRAL;ZPAS;1000079969;DESPACHADO;;;5/1/2026;8/1/2026;13/1/2026;22/12/2025;;;ZSTO;
00341 Mov. Suelos San Luis;1001828;CUBIERTA 12.00 R20 TG85 (TRACCION);ZPAS;1000079678;DESPACHADO;;;23/12/2025;30/12/2025;7/1/2026;16/12/2025;;;ZSTO;
00341 Mov. Suelos San Luis;1017050;BOBINA PAPEL 25CM 400MT;ZPAN;1000080454;SIN TRATAMIENTO;;;;;26/1/2026;6/1/2026;;10139640;ZSSD;
00341 Mov. Suelos San Luis;1016080;BOTIN CONW 53 BAF MARRON FLOR P.ACER N39;SIN PEDIDO;;;;;;;;;;;ZSCD;
00365 RIO TINTO;1016699;HC119ALTERNADOR;MOVIMIENTO 315 PENDIENTE;;;;;;;;;;;ZSSD;
00365 RIO TINTO;1018496;FILTRO DE ACEITE;MOVIMIENTO 315 PENDIENTE;;;;;;;;;;;ZSSD;
00365 RIO TINTO;1018592;FILTRO DE CABINA (A/A);ZPAN;1000079777;DESPACHADO;4500115888;29/12/2025;29/12/2025;6/1/2026;7/1/2026;17/12/2025;C29;10138547;ZSSD;
00365 RIO TINTO;1018867;Uña;MOVIMIENTO 315 PENDIENTE;;;;;;;;;;;ZSSD;
00365 RIO TINTO;1018921;FILTRO SECANTE DE FRENOS;MOVIMIENTO 315 PENDIENTE;;;;;;;;;;;ZSSD;
00365 RIO TINTO;1001679;FICHA T.STECK MACHO 220V 16A 2P T XUN;ZPAN;1000079207;ADJUDICADO;4500115309;;;;30/12/2025;9/12/2025;C11;10137731;ZSTO;
00365 RIO TINTO;1001706;GUANTE LATEX USO MEDICINAL CAJA X 100 UN;ZPAN;1000079945;SIN TRATAMIENTO;;;;;13/1/2026;22/12/2025;;10138817;ZSTO;
00365 RIO TINTO;1001866;MARCADOR INDUSTRIAL-NEGROXUN;ZPAN;1000079945;SIN TRATAMIENTO;;;;;13/1/2026;22/12/2025;;10138817;ZSTO;
00365 RIO TINTO;1002186;CORREA VENTILADOR;SIN PEDIDO;;;;;;;;;;;ZSTO;
00365 RIO TINTO;1002298;TRABA PROT. RIPPER XUN;ZPAN;1000073128;ADJUDICADO;4500108076;;;;15/9/2025;1/9/2025;C03;10129886;ZSTO;
00365 RIO TINTO;1002353;TUERCA 5 8;ZPAN;1000078354;CUMPLIDO PARCIAL;4500114754;15/12/2025;15/12/2025;17/12/2025;15/12/2025;25/11/2025;C29;10136667;ZSTO;
00365 RIO TINTO;1002606;FILTRO COMBUSTIBLE X UN;ZPAN;1000079830;SIN TRATAMIENTO;;;;;28/1/2026;18/12/2025;;10138669;ZSTO;
00365 RIO TINTO;1002610;FILTRO AIRE SECUNDARIO;ZPAN;1000079830;SIN TRATAMIENTO;;;;;28/1/2026;18/12/2025;;10138669;ZSTO;
00365 RIO TINTO;1002628;FILTRO AIRE CABINA XUN;ZPAN;1000079886;SIN TRATAMIENTO;;;;;26/1/2026;19/12/2025;;10138742;ZSTO;
00365 RIO TINTO;1002740;FILTRO HIDRAULICO;SIN PEDIDO;;;;;;;;;;;ZSTO;
00365 RIO TINTO;1002771;FILTRO ACEITE;ZPAN;1000079207;DESPACHADO;4500115469;18/12/2025;18/12/2025;6/1/2026;30/12/2025;9/12/2025;C29;10137731;ZSTO;
00365 RIO TINTO;1002889;FILTRO COMBUSTIBLE;SIN PEDIDO;;;;;;;;;;;ZSTO;
00365 RIO TINTO;1002920;FILTRO TRAMPA DE AGUA;ZPAN;1000079830;SIN TRATAMIENTO;;;;;28/1/2026;18/12/2025;;10138669;ZSTO;
00365 RIO TINTO;1003057;ELEMENTO FILTRO DE AIRE PRIMARIO;ZPAN;1000079777;DESPACHADO;4500116077;2/1/2026;2/1/2026;6/1/2026;7/1/2026;17/12/2025;C29;10138547;ZSTO;
00365 RIO TINTO;1004030;LAMPARA 24V-5W S CULOTE XUN;ZPAN;1000079207;DESPACHADO;4500115294;19/12/2025;19/12/2025;6/1/2026;30/12/2025;9/12/2025;C29;10137731;ZSTO;
00365 RIO TINTO;1004042;LAMPARA 24V-H7 70W X UN;ZPAN;1000079886;SIN TRATAMIENTO;;;;;26/1/2026;19/12/2025;;10138742;ZSTO;
00365 RIO TINTO;1004265;KIT DE 6 MUESTRAS DE ACEITE CON MANGUERA;MOVIMIENTO 315 PENDIENTE;;;;;;;;;;;ZSTO;
00365 RIO TINTO;1015783;CINTA REFLECTIVA ROJA X MTS;SIN PEDIDO;;;;;;;;;;;ZSSD;
00365 RIO TINTO;1015933;ACEITE ISO 46 HIDRAULICO BP46 x 205L;SIN PEDIDO;;;;;;;;;;;ZSCD;
00365 RIO TINTO;1016700;HC119AIRE ACONDICIONADO;ZPAN;1000078730;SIN TRATAMIENTO;;;;;22/12/2025;1/12/2025;;10137152;ZSSD;
00365 RIO TINTO;1016919;LUBRICANTE MULTIUSO WD-40 440CC;SIN PEDIDO;;;;;;;;;;;ZSSD;
00365 RIO TINTO;1016955;SOGA NAUTICA 10MM;SIN PEDIDO;;;;;;;;;;;ZSSD;
00365 RIO TINTO;1016999;BOLIGRAFO TRAZO GRUESO AZUL;SIN PEDIDO;;;;;;;;;;;ZSSD;
00365 RIO TINTO;1017003;BATERIA 9V;ZPAN;1000079830;ADJUDICADO;4500116726;;;;8/1/2026;18/12/2025;C27;10138669;ZSSD;
00365 RIO TINTO;1017038;CAJA ARCHIVO 42X32,5X26CM;SIN PEDIDO;;;;;;;;;;;ZSSD;
00365 RIO TINTO;1017108;ESTACA 1PGX1PGX1 MTS;ZPAN;1000080573;SIN TRATAMIENTO;;;;;22/1/2026;8/1/2026;;10139823;ZSSD;
00365 RIO TINTO;1018435;460E LIQUIDO LAVA PARABRISAS;SIN PEDIDO;;;;;;;;;;;ZSSD;
00365 RIO TINTO;1018497;FILTRO COMBUSTIBLE;SIN PEDIDO;;;;;;;;;;;ZSSD;
00365 RIO TINTO;1018855;FILTRO COLADOR TANQUE DE COMBUSTIBLE;ZPAN;1000074118;ADJUDICADO;4500111062;;;;4/10/2025;16/9/2025;AGV;10131113;ZSSD;
00365 RIO TINTO;1018856;CORREA DE COMPRESOR A/A;ZPAN;1000073369;ADJUDICADO;4500111058;;;;22/9/2025;4/9/2025;AGV;10130226;ZSSD;
00365 RIO TINTO;1018857;CORREA DEL VENTILADOR;ZPAN;1000073104;ADJUDICADO;4500111070;;;;19/9/2025;1/9/2025;AGV;10129814;ZSSD;
00365 RIO TINTO;1018864;CORREA ALTERNADOR;ZPAN;1000073104;ADJUDICADO;4500111070;;;;19/9/2025;1/9/2025;AGV;10129814;ZSSD;
00365 RIO TINTO;1018869;CANTONERA HENSLEY;ZPAN;1000074081;SIN TRATAMIENTO;;;;;29/9/2025;15/9/2025;;10131075;ZSSD;
00365 RIO TINTO;1018901;FILTRO HIDRAULICO (STRAINER);ZPAN;1000074118;ADJUDICADO;4500111062;;;;4/10/2025;16/9/2025;AGV;10131113;ZSSD;
00365 RIO TINTO;1018903;FILTRO COLADOR TANQUE DE COMBUSTIBLE;ZPAN;1000074118;ADJUDICADO;4500111062;;;;4/10/2025;16/9/2025;AGV;10131113;ZSSD;
00365 RIO TINTO;1018911;FILTRO COLADOR COMBUSTIBLE;SIN PEDIDO;;;;;;;;;;;ZSSD;
00365 RIO TINTO;1025996;FILTRO HIDRAULICO;SIN PEDIDO;;;;;;;;;;;ZSSD;
00365 RIO TINTO;1025997;FILTRO HIDRAULICO;ZPAN;1000078599;ADJUDICADO;4500115631;;;;5/2/2026;28/11/2025;C35;10137027;ZSSD;
00365 RIO TINTO;1025998;FILTRO HIDRAULICO;SIN PEDIDO;;;;;;;;;;;ZSSD;
00365 RIO TINTO;1027021;Aceite Caja de Engranaje 85W90 GL-5;SIN PEDIDO;;;;;;;;;;;ZSTO;
00365 RIO TINTO;1028135;FILTRO ACEITE MOTOR;ZPAN;1000075635;ADJUDICADO;4500111304;;;;24/10/2025;10/10/2025;C29;10133129;ZSSD;
00365 RIO TINTO;1028148;FILTRO TANQUE COMBUSTIBLE DEF;ZPAN;1000075635;ADJUDICADO;4500113701;;;;24/10/2025;10/10/2025;AGV;10133129;ZSSD;
00365 RIO TINTO;1028154;FILTRO HIDRAULICO;ZPAN;1000075635;ADJUDICADO;4500111339;;;;24/10/2025;10/10/2025;AGV;10133129;ZSSD;
00365 RIO TINTO;1028160;CORREA;SIN PEDIDO;;;;;;;;;;;ZSSD;
00365 RIO TINTO;1028161;CORREA ALTERNADOR;SIN PEDIDO;;;;;;;;;;;ZSSD;
00365 RIO TINTO;1028164;DIENTE BALDE TEREX;ZPAN;1000078676;SIN TRATAMIENTO;;;;;13/12/2025;29/11/2025;;10137086;ZSSD;
00365 RIO TINTO;1029692;FILTRO DE ACEITE DE LA TRANSMISION;ZPAN;1000078673;SIN TRATAMIENTO;;;;;13/12/2025;29/11/2025;;10137085;ZSTO;
00365 RIO TINTO;1029693;FILTRO DE SUCCION;ZPAN;1000078673;SIN TRATAMIENTO;;;;;13/12/2025;29/11/2025;;10137085;ZSTO;
00365 RIO TINTO;1029997;BULON M10X45;ZPAN;1000078730;DESPACHADO;4500114754;18/12/2025;18/12/2025;6/1/2026;22/12/2025;1/12/2025;C29;10137152;ZSTO;
00365 RIO TINTO;1030025;FILTRO TRAMPA DE AGUA;ZPAN;1000075635;SIN TRATAMIENTO;;;;;24/10/2025;10/10/2025;;10133129;ZSSD;
00365 RIO TINTO;1030030;FILTRO AIRE TANQUE HIDRAULICO;ZPAN;1000075635;SIN TRATAMIENTO;;;;;24/10/2025;10/10/2025;;10133129;ZSSD;
00365 RIO TINTO;1033324;FILTRO COLADOR COMBUSTIBLE;ZPAN;1000074118;ADJUDICADO;4500114373;;;;4/10/2025;16/9/2025;AGV;10131113;ZSSD;
00365 RIO TINTO;1033787;Uña;ZPAN;1000079777;DESPACHADO;4500116258;2/1/2026;3/1/2026;6/1/2026;7/1/2026;17/12/2025;C29;10138547;ZSSD;
00365 RIO TINTO;1034629;JUNTA TAPA PRINCIPAL;ZPAN;1000074081;ADJUDICADO;4500110415;;;;29/9/2025;15/9/2025;C03;10131075;ZSTO;
00365 RIO TINTO;1041673;DIENTE DERECHO AGUILON;ZPAN;1000078676;ADJUDICADO;4500116337;;;;13/12/2025;29/11/2025;AGV;10137086;ZSTO;
00365 RIO TINTO;1041674;DIENTE IZQUIERDO AGUILON;ZPAN;1000078676;ADJUDICADO;4500116337;;;;13/12/2025;29/11/2025;AGV;10137086;ZSTO;
00365 RIO TINTO;1041677;FILTRO CABINA TEREX;ZPAN;1000078730;SIN TRATAMIENTO;;;;;22/12/2025;1/12/2025;;10137152;ZSTO;
00365 RIO TINTO;1042181;ARANDELA;ZPAN;1000078730;DESPACHADO;4500114754;18/12/2025;18/12/2025;6/1/2026;22/12/2025;1/12/2025;C29;10137152;ZSTO;
00365 RIO TINTO;1042669;CUCHILLA;ZPAN;1000073104;ADJUDICADO;4500109221;;;;19/9/2025;1/9/2025;AGV;10129814;ZSTO;
00365 RIO TINTO;1042714;FILTRO AIRE PRIMARIO ADMISION;ZPAN;1000074359;ADJUDICADO;4500109449;;;;3/10/2025;19/9/2025;C29;10131486;ZSTO;
00365 RIO TINTO;1042746;FILTRO AIRE FRESCO A/A;ZPAN;1000073104;ADJUDICADO;4500114370;;;;19/9/2025;1/9/2025;AGV;10129814;ZSTO;
00365 RIO TINTO;1042753;FILTRO COLADOR TANQUE COMBUSTIBLE;ZPAN;1000074118;ADJUDICADO;4500114373;;;;4/10/2025;16/9/2025;AGV;10131113;ZSTO;
00365 RIO TINTO;1042779;CORREA ALTERNADOR;ZPAN;1000073641;ADJUDICADO;4500110665;;;;23/9/2025;9/9/2025;AGV;10130533;ZSTO;
00365 RIO TINTO;1042787;FILTRO TRANSMISION;ZPAN;1000078730;ADJUDICADO;4500116346;;;;22/12/2025;1/12/2025;AGV;10137152;ZSTO;
00365 RIO TINTO;1047054;CORREA ALTERNADOR;ZPAN;1000078730;SIN TRATAMIENTO;;;;;22/12/2025;1/12/2025;;10137152;ZSTO;
00365 RIO TINTO;1047055;CORREA DE COMPRESOR A/A;ZPAN;1000078730;SIN TRATAMIENTO;;;;;22/12/2025;1/12/2025;;10137152;ZSTO;
00365 RIO TINTO;1047056;FILTRO PILOTO;ZPAN;1000078730;ADJUDICADO PARCIAL;4500115989;;;;22/12/2025;1/12/2025;AGV;10137152;ZSTO;
00365 RIO TINTO;1047057;FILTRO RESPIRADERO;ZPAN;1000078730;ADJUDICADO;4500115989;;;;22/12/2025;1/12/2025;AGV;10137152;ZSTO;
00365 RIO TINTO;1047058;ELEMENTO FILTRANTE KOBELCO;ZPAN;1000078730;SIN TRATAMIENTO;;;;;22/12/2025;1/12/2025;;10137152;ZSTO;
00365 RIO TINTO;1047059;FILTRO HIDRAULICO DE RETORNO KOBELCO;ZPAN;1000078730;ADJUDICADO PARCIAL;4500115989;;;;22/12/2025;1/12/2025;AGV;10137152;ZSTO;
00368-YPF Acueducto TBH;1001706;GUANTE LATEX USO MEDICINAL CAJA X 100 UN;ZPAS;1000079676;EMBALADO;;;7/1/2026;;16/1/2026;16/12/2025;;;ZSTO;
00368-YPF Acueducto TBH;1001738;GRILLETE 7/8   8,5TONELADASC CERTIFICADO;ZPAS;1000077786;EMBALADO;;;7/1/2026;;23/1/2026;14/11/2025;;;ZSTO;
00368-YPF Acueducto TBH;1001905;DESODORANTE EN AEROSOL;ZPAN;1000080377;ADJUDICADO;4500116778;;;;23/1/2026;5/1/2026;C17;10139525;ZSTO;
00368-YPF Acueducto TBH;1001923;AGROPOL 100 MICRONES X 4MTS X ROLLO;ZPAN;1000080377;ADJUDICADO;4500116770;;;;23/1/2026;5/1/2026;C27;10139525;ZSTO;
00368-YPF Acueducto TBH;1001952;TRAPO LIMPIO (BOLSAX10KG) XUN;ZPAS;1000078902;CUMPLIDO PARCIAL;;;9/12/2025;11/12/2025;16/1/2026;3/12/2025;;;ZSTO;
00368-YPF Acueducto TBH;1001961;CINTA AISLADORA NEGRA X10MT;ZPAS;1000079827;EMBALADO;;;7/1/2026;;16/1/2026;18/12/2025;;;ZSTO;
00368-YPF Acueducto TBH;1002063;CAMPERA DESCARNE T.XL;ZPAS;1000079944;SIN TRATAMIENTO;;;;;13/1/2026;22/12/2025;;;ZSTO;
00368-YPF Acueducto TBH;1002091;CAPA DE LLUVIA T.XXL;ZPAS;1000078829;EMBALADO;;;7/1/2026;;23/1/2026;2/12/2025;;;ZSTO;
00368-YPF Acueducto TBH;1002527;FILTRO AIRE CABINA;ZPAS;1000079775;EMBALADO;;;7/1/2026;;16/1/2026;17/12/2025;;;ZSTO;
00368-YPF Acueducto TBH;1002745;FILTRO AIRE CABINA;ZPAS;1000079775;EMBALADO;;;7/1/2026;;16/1/2026;17/12/2025;;;ZSTO;
00368-YPF Acueducto TBH;1003026;FILTRO SEPARADOR DE AGUA;ZPAS;1000079775;EMBALADO;;;7/1/2026;;8/1/2026;17/12/2025;;;ZSTO;
00368-YPF Acueducto TBH;1003054;FILTRO VENTILACION TANQUE HID.;ZPAS;1000079827;EMBALADO;;;7/1/2026;;16/1/2026;18/12/2025;;;ZSTO;
00368-YPF Acueducto TBH;1003055;FILTRO DE ACEITE MOTOR VOLVO;ZPAS;1000079827;EMBALADO;;;7/1/2026;;16/1/2026;18/12/2025;;;ZSTO;
00368-YPF Acueducto TBH;1003172;FILTRO ACEITE MOTOR;ZPAS;1000079205;EMBALADO;;;7/1/2026;;23/1/2026;9/12/2025;;;ZSTO;
00368-YPF Acueducto TBH;1003182;FILTRO GASOIL;ZPAS;1000079078;SIN TRATAMIENTO;;;;;23/1/2026;5/12/2025;;;ZSTO;
00368-YPF Acueducto TBH;1003343;FILTRO COMBUSTIBLE;ZPAS;1000080507;SIN TRATAMIENTO;;;;;27/1/2026;7/1/2026;;;ZSTO;
00368-YPF Acueducto TBH;1016977;MARCADOR P PIZARRA AZUL;ZPAN;1000079885;SIN TRATAMIENTO;;;;;12/1/2026;19/12/2025;;10138741;ZSSD;
00368-YPF Acueducto TBH;1017012;CARPETA CRISTAL BASE OPACA A4 AZUL NEGRA;ZPAN;1000079677;DESPACHADO;4500115844;30/12/2025;30/12/2025;7/1/2026;7/1/2026;16/12/2025;C17;10138376;ZSSD;
00368-YPF Acueducto TBH;1017235;JABON LIQUIDO PARA MANOS XUN;ZPAN;1000080508;SIN TRATAMIENTO;;;;;27/1/2026;7/1/2026;;10139712;ZSSD;
00368-YPF Acueducto TBH;1026806;PILA ALCALINA AAA x UN;ZPAS;1000080108;EMBALADO PARCIAL;;;7/1/2026;;16/1/2026;26/12/2025;;;ZSTO;
00368-YPF Acueducto TBH;1029264;CORREA;ZPAN;1000079776;PICKEADO;4500116152;8/1/2026;8/1/2026;;8/1/2026;17/12/2025;C03;10138546;ZSTO;
00372 UTE 372 GEO POSCO II;1002045;CAMISETA PRIMERA PIEL T.L;MOVIMIENTO 315 PENDIENTE;;;;;;;;;;;ZSTO;
00372 UTE 372 GEO POSCO II;1001679;FICHA T.STECK MACHO 220V 16A 2P T XUN;ZPAN;1000080510;SIN TRATAMIENTO;;;;;28/1/2026;7/1/2026;;10139714;ZSTO;
00372 UTE 372 GEO POSCO II;1001756;BOTIN MARRON/NEGRO FLOR P.ACERO N 40;ZPAN;1000080511;SIN TRATAMIENTO;;;;;6/2/2026;7/1/2026;;10139716;ZSTO;
00372 UTE 372 GEO POSCO II;1001834;CUBIERTA 265 65 17 DUELER A T 693;ZPAN;1000079872;ADJUDICADO;4500115954;;;;2/1/2026;19/12/2025;C47;10138730;ZSTO;
00372 UTE 372 GEO POSCO II;1001943;ADHESIVO CIANO 20 G XUN;ZPAN;1000080510;SIN TRATAMIENTO;;;;;28/1/2026;7/1/2026;;10139714;ZSTO;
00372 UTE 372 GEO POSCO II;1002204;CORREA ALTERNADOR;ZPAN;1000073530;ADJUDICADO;4500109211;;;;24/11/2025;6/9/2025;C03;10130402;ZSTO;
00372 UTE 372 GEO POSCO II;1003359;FILTROAIREACONDICIONADOCABINAINTERIOR;ZPAN;1000078129;ADJUDICADO;4500114446;;;;5/12/2025;20/11/2025;F05;10136404;ZSTO;
00372 UTE 372 GEO POSCO II;1027860;LAMP ASS'Y;ZPAN;1000079675;EMBALADO;4500115675;3/1/2026;3/1/2026;;6/1/2026;16/12/2025;C03;10138374;ZSTO;
00372 UTE 372 GEO POSCO II;1034628;JUNTA DE BALANCINES;ZPAN;1000073530;ADJUDICADO;4500109211;;;;24/11/2025;6/9/2025;C03;10130402;ZSTO;
00372 UTE 372 GEO POSCO II;1034629;JUNTA TAPA PRINCIPAL;ZPAN;1000073530;ADJUDICADO;4500110416;;;;24/11/2025;6/9/2025;C29;10130402;ZSTO;
00374 TERMINAL PUNTA COLORADA;1000043;BOTIQUIN 1ROS. AUXILIOS N 2;ZPAS;1000080512;SIN TRATAMIENTO;;;;;27/1/2026;7/1/2026;;;ZSTO;
00374 TERMINAL PUNTA COLORADA;1001673;ALAMBRE 1.42MM NEGRO RECOCIDO P ATAR XKG;ZPAN;1000080465;SIN TRATAMIENTO;;;;;26/1/2026;6/1/2026;;10139652;ZSTO;
00374 TERMINAL PUNTA COLORADA;1001683;RESPIRADOR PARA POLVOSTIPON95CAJAX20UN;ZPAS;1000080512;SIN TRATAMIENTO;;;;;27/1/2026;7/1/2026;;;ZSTO;
00374 TERMINAL PUNTA COLORADA;1001697;GUANTE VAQUETA MEDIO PASEO T.10;ZPAS;1000078823;CUMPLIDO PARCIAL;;;15/12/2025;18/12/2025;23/12/2025;2/12/2025;;;ZSTO;
00374 TERMINAL PUNTA COLORADA;1001702;GUANTE SOLDADOR COSTURA KEVLAR;ZPAS;1000080512;SIN TRATAMIENTO;;;;;27/1/2026;7/1/2026;;;ZSTO;
00374 TERMINAL PUNTA COLORADA;1001710;CINTA DEMARCAR PELIGRO ECOLOGICA;ZPAS;1000078974;CUMPLIDO PARCIAL;;;6/12/2025;12/12/2025;26/12/2025;4/12/2025;;;ZSTO;
00374 TERMINAL PUNTA COLORADA;1001775;ESLINGA SINTETICA 8MTS 6TN CERTIFICADA;SIN PEDIDO;;;;;;;;;;;ZSTO;
00374 TERMINAL PUNTA COLORADA;1001939;DISCO P MADERA DE SIERRA CIRCULAR XUN;ZPAS;1000079580;DESPACHADO;;;17/12/2025;7/1/2026;6/1/2026;15/12/2025;;;ZSTO;
00374 TERMINAL PUNTA COLORADA;1001951;CANDADO 50MM XUN;ZPAS;1000080107;SIN TRATAMIENTO;;;;;16/1/2026;26/12/2025;;;ZSTO;
00374 TERMINAL PUNTA COLORADA;1002000;CAMISA JEAN T.38 C LOGO;ZPAS;1000080042;DESPACHADO;;;26/12/2025;7/1/2026;14/1/2026;23/12/2025;;;ZSTO;
00374 TERMINAL PUNTA COLORADA;1002001;CAMISA JEAN T.40 C LOGO;ZPAS;1000080512;SIN TRATAMIENTO;;;;;27/1/2026;7/1/2026;;;ZSTO;
00374 TERMINAL PUNTA COLORADA;1002071;CAMPERA DESCARNE T.XXXL;ZPAS;1000079358;CUMPLIDO PARCIAL;;;15/12/2025;18/12/2025;2/1/2026;11/12/2025;;;ZSTO;
00374 TERMINAL PUNTA COLORADA;1002212;CORREA DE ALTERNADOR;ZPAS;1000080464;PICKEADO;;;8/1/2026;;26/1/2026;6/1/2026;;;ZSTO;
00374 TERMINAL PUNTA COLORADA;1002274;CUCHILLA 7′ X 8″ X 5/8″ X 3/4″;ZPAS;1000079268;DESPACHADO;;;18/12/2025;7/1/2026;31/12/2025;10/12/2025;;;ZSTO;
00374 TERMINAL PUNTA COLORADA;1002309;PROTECTOR ESCARIFICADOR X UN;ZPAS;1000079822;DESPACHADO;;;19/12/2025;7/1/2026;9/1/2026;18/12/2025;;;ZSTO;
00374 TERMINAL PUNTA COLORADA;1003112;FILTRO HIDRAULICO;ZPAS;1000080464;PICKEADO;;;8/1/2026;;26/1/2026;6/1/2026;;;ZSTO;
00374 TERMINAL PUNTA COLORADA;1003113;FILTRO HIDRAULICO;ZPAS;1000080464;PICKEADO;;;8/1/2026;;26/1/2026;6/1/2026;;;ZSTO;
00374 TERMINAL PUNTA COLORADA;1003114;FILTRO HIDRAULICO;ZPAS;1000080464;PICKEADO;;;8/1/2026;;26/1/2026;6/1/2026;;;ZSTO;
00374 TERMINAL PUNTA COLORADA;1003170;FILTRO DE AIRE PRIMARIO;ZPAS;1000078722;DESPACHADO;;;17/12/2025;7/1/2026;22/12/2025;1/12/2025;;;ZSTO;
00374 TERMINAL PUNTA COLORADA;1003669;PIN PIN STOP;ZPAN;1000078824;ADJUDICADO;4500114939;;;;23/12/2025;2/12/2025;C29;10137256;ZSTO;
00374 TERMINAL PUNTA COLORADA;1003674;CHISEL (W P);ZPAN;1000074417;ADJUDICADO;4500109625;;;;10/10/2025;22/9/2025;C29;10131535;ZSTO;
00374 TERMINAL PUNTA COLORADA;1003675;CHISEL (C P);ZPAN;1000074417;ADJUDICADO;4500109625;;;;10/10/2025;22/9/2025;C29;10131535;ZSTO;
00374 TERMINAL PUNTA COLORADA;1016922;CHOCLA 30MT;ZPAN;1000080465;SIN TRATAMIENTO;;;;;26/1/2026;6/1/2026;;10139652;ZSSD;
00374 TERMINAL PUNTA COLORADA;1017003;BATERIA 9V;ZPAN;1000080514;SIN TRATAMIENTO;;;;;27/1/2026;7/1/2026;;10139720;ZSSD;
00374 TERMINAL PUNTA COLORADA;1017143;CABO P PALA MADERA Y METAL 0.70MT.;ZPAN;1000076082;ADJUDICADO;4500112004;;;;5/1/2026;17/10/2025;C27;10133665;ZSSD;
00374 TERMINAL PUNTA COLORADA;1017148;BARRETA SACACLAVOS 19X400;ZPAN;1000076082;ADJUDICADO;4500112004;;;;5/1/2026;17/10/2025;C27;10133665;ZSSD;
00374 TERMINAL PUNTA COLORADA;1018580;BULONES;ZPAN;1000079076;DESPACHADO PARCIAL;4500115021;3/1/2026;3/1/2026;7/1/2026;29/12/2025;5/12/2025;C29;10137588;ZSSD;
00374 TERMINAL PUNTA COLORADA;1022044;BULON DE CANTONERA;ZPAS;1000078974;DESPACHADO;;;7/1/2026;7/1/2026;26/12/2025;4/12/2025;;;ZSTO;
00374 TERMINAL PUNTA COLORADA;1022046;TUERCA DE CANTONERA;ZPAS;1000078974;DESPACHADO;;;7/1/2026;7/1/2026;26/12/2025;4/12/2025;;;ZSTO;
00374 TERMINAL PUNTA COLORADA;1026082;MAZA VOLEO 5KG BRONCE/CABO PLASTICO;ZPAN;1000076082;ADJUDICADO;4500112004;;;;5/1/2026;17/10/2025;C27;10133665;ZSSD;
00374 TERMINAL PUNTA COLORADA;1029977;GRASA BECHEM HIGH - LUB LM 2EP;ZPAN;1000078407;INCOMPLETO;;;;;17/12/2025;26/11/2025;;10136757;ZSTO;
00374 TERMINAL PUNTA COLORADA;1034221;GRASA PARA CABLE MOLYSIL 369X X16KG;ZPAS;1000079580;DESPACHADO;;;17/12/2025;7/1/2026;6/1/2026;15/12/2025;;;ZSTO;
00374 TERMINAL PUNTA COLORADA;1041725;"CUCHILLA (7′ X 8″ X 5/8″) X 15 Aguj 5/8""";ZPAN;1000076029;ADJUDICADO;4500113010;;;;6/11/2025;17/10/2025;G01;10133598;ZSTO;
00374 TERMINAL PUNTA COLORADA;1042867;CRIQUE TENSOR C/TERMINAL 50MM. X 6MTS.;ZPAN;1000078897;ADJUDICADO;4500114782;;;;24/12/2025;3/12/2025;C27;10137361;ZSCD;
00374 TERMINAL PUNTA COLORADA;1047248;"TIJERA CORTAPERNO 24"" (HASTA D10MM)";ZPAN;1000080514;SIN TRATAMIENTO;;;;;27/1/2026;7/1/2026;;10139720;ZSCD;
00374 TERMINAL PUNTA COLORADA;1047271;MECHA WIDIA SDS PLUS Ø12MM 220MM;ZPAN;1000080514;SIN TRATAMIENTO;;;;;27/1/2026;7/1/2026;;10139720;ZSCD;
00374 TERMINAL PUNTA COLORADA;1047471;TRIPA P/VIBRADOR DE H° HEXAG. 38MMX6M;ZPAN;1000076484;ADJUDICADO;4500116830;;;;23/1/2026;24/10/2025;C27;10134274;ZSCD;
00374 TERMINAL PUNTA COLORADA;1047473;TRIPA P/VIBRADOR DE H° HEXAG. 35MMX3,5M;ZPAN;1000076484;ADJUDICADO;4500116830;;;;23/1/2026;24/10/2025;C27;10134274;ZSCD;
00374 TERMINAL PUNTA COLORADA;1048843;CARTUCHO TONER RICOH IM460F;ZPAN;1000080044;ADJUDICADO;4500116723;;;;14/1/2026;23/12/2025;C05;10138904;ZSCD;
00374 TERMINAL PUNTA COLORADA;1048856;BALDE PLASTICO 12LTS.;ZPAN;1000079941;ADJUDICADO;4500116164;;;;13/1/2026;22/12/2025;C17;10138815;ZSCD;
00375 YPF OLEODUCTO PR-LP;1001775;ESLINGA SINTETICA 8MTS 6TN CERTIFICADA;ZPAS;1000073415;CUMPLIDO PARCIAL;;;5/9/2025;5/9/2025;24/9/2025;4/9/2025;;;ZSTO;
00375 YPF OLEODUCTO PR-LP;1001919;REPELENTE PARA INSECTOS OFF EN AEROSOL;ZPAN;1000079897;DESPACHADO;4500116163;30/12/2025;30/12/2025;6/1/2026;12/1/2026;19/12/2025;C17;10138770;ZSTO;
00375 YPF OLEODUCTO PR-LP;1001964;CINTA AISLADORA BLANCA;ZPAS;1000079672;DESPACHADO;;;29/12/2025;6/1/2026;7/1/2026;16/12/2025;;;ZSTO;
00375 YPF OLEODUCTO PR-LP;1013681;MAMELUCO IGNIFUGO T.XL C/LOGO;ZPAN;1000078203;SIN TRATAMIENTO;;;;;12/12/2025;21/11/2025;;10136507;ZSSD;
00375 YPF OLEODUCTO PR-LP;1015802;HOJA DE SIERRA 18D;ZPAN;1000079266;ADJUDICADO;4500115210;;;;31/12/2025;10/12/2025;C27;10137816;ZSSD;
00375 YPF OLEODUCTO PR-LP;1016910;CINTA METRICA X10MT CON PASACINTO;ZPAN;1000079266;ADJUDICADO;4500115210;;;;31/12/2025;10/12/2025;C27;10137816;ZSSD;
00375 YPF OLEODUCTO PR-LP;1016930;BALDE ALBANIL PLASTICO;ZPAN;1000079356;ADJUDICADO;4500115210;;;;2/1/2026;11/12/2025;C27;10137959;ZSSD;
00375 YPF OLEODUCTO PR-LP;1016934;MAZA MINERO 2KG;ZPAN;1000079266;ADJUDICADO;4500115210;;;;31/12/2025;10/12/2025;C27;10137816;ZSSD;
00375 YPF OLEODUCTO PR-LP;1017026;ABRAZADERA AMERICANA 8-16;ZPAN;1000079266;ADJUDICADO;4500115210;;;;31/12/2025;10/12/2025;C27;10137816;ZSSD;
00375 YPF OLEODUCTO PR-LP;1017064;SECADOR DE PISO 50CM;ZPAN;1000079266;DESPACHADO;4500115926;29/12/2025;29/12/2025;6/1/2026;31/12/2025;10/12/2025;C17;10137816;ZSSD;
00375 YPF OLEODUCTO PR-LP;1017936;PALA ANCHA FORJADA CABO MADERA Y METAL X;ZPAN;1000078203;SIN TRATAMIENTO;;;;;12/12/2025;21/11/2025;;10136507;ZSSD;
00375 YPF OLEODUCTO PR-LP;1017937;PALA CORAZON FORJADA CABO MADERA Y METAL;ZPAN;1000078203;SIN TRATAMIENTO;;;;;12/12/2025;21/11/2025;;10136507;ZSSD;
00375 YPF OLEODUCTO PR-LP;1025951;MECHA ACERO RAPIDO D8 MM;ZPAN;1000079266;ADJUDICADO;4500115210;;;;31/12/2025;10/12/2025;C27;10137816;ZSSD;
00375 YPF OLEODUCTO PR-LP;1027995;CEPILLO TRENZADO FPL 115X6X22 115105C622;ZPAN;1000079266;ADJUDICADO;4500115668;;;;31/12/2025;10/12/2025;C27;10137816;ZSSD;
0376 VELADERO FASE 8B /SAN JUAN;1001678;FICHA T.STECK HEMBRA 220V 16A 2P T X UN;ZPAS;1000080370;SIN TRATAMIENTO;;;;;23/1/2026;5/1/2026;;;ZSTO;
0376 VELADERO FASE 8B /SAN JUAN;1001791;ACEITE SAE 30 X 205L;ZPAS;1000080163;DESPACHADO PARCIAL;;;30/12/2025;6/1/2026;19/1/2026;28/12/2025;;;ZSTO;
0376 VELADERO FASE 8B /SAN JUAN;1001812;REFRIGERANTE ANTICONG. X20 LT;ZPAS;1000080278;DESPACHADO PARCIAL;;;5/1/2026;6/1/2026;21/1/2026;31/12/2025;;;ZSTO;
0376 VELADERO FASE 8B /SAN JUAN;1001834;CUBIERTA 265 65 17 DUELER A T 693;ZPAS;1000079192;DESPACHADO PARCIAL;;;6/1/2026;6/1/2026;30/12/2025;9/12/2025;;;ZSTO;
0376 VELADERO FASE 8B /SAN JUAN;1001876;CINTA EMBALAR TRANSPARENTE 48MM X 100 MT;ZPAS;1000079937;DESPACHADO PARCIAL;;;5/1/2026;6/1/2026;13/1/2026;22/12/2025;;;ZSTO;
0376 VELADERO FASE 8B /SAN JUAN;1001898;BOBINA DE PAPEL 25 X 400MTS X UN;ZPAS;1000079761;CUMPLIDO PARCIAL;;;30/12/2025;2/1/2026;8/1/2026;17/12/2025;;;ZSTO;
0376 VELADERO FASE 8B /SAN JUAN;1001902;PERFUMINA X 5 LTS;ZPAN;1000079952;ADJUDICADO;4500116869;;;;13/1/2026;22/12/2025;C17;10138838;ZSTO;
0376 VELADERO FASE 8B /SAN JUAN;1001993;ELECTRODO AWS7018 X 3,25 MM X KG;ZPAS;1000080361;DESPACHADO;;;6/1/2026;6/1/2026;19/1/2026;5/1/2026;;;ZSTO;
0376 VELADERO FASE 8B /SAN JUAN;1002079;BOTIN ALTA MONT MAR/NEG P METAL N45;ZPAS;1000080596;SIN TRATAMIENTO;;;;;28/1/2026;8/1/2026;;;ZSTO;
0376 VELADERO FASE 8B /SAN JUAN;1002206;CORREA B-54 X UN;ZPAS;1000078881;SIN TRATAMIENTO;;;;;12/1/2026;3/12/2025;;;ZSTO;
0376 VELADERO FASE 8B /SAN JUAN;1002257;TUERCA P 146933 XUN;ZPAS;1000080370;SIN TRATAMIENTO;;;;;23/1/2026;5/1/2026;;;ZSTO;
0376 VELADERO FASE 8B /SAN JUAN;1002621;FILTRO AIRE 1 XUN;ZPAS;1000080300;SIN TRATAMIENTO;;;;;22/1/2026;2/1/2026;;;ZSTO;
0376 VELADERO FASE 8B /SAN JUAN;1003176;FILTRO A A CABINA INTERIOR;ZPAS;1000079352;DESPACHADO PARCIAL;;;6/1/2026;6/1/2026;12/1/2026;11/12/2025;;;ZSTO;
0376 VELADERO FASE 8B /SAN JUAN;1003217;FILTRO DE COMBUSTIBLE;ZPAS;1000079574;CUMPLIDO PARCIAL;;;19/12/2025;20/12/2025;6/1/2026;15/12/2025;;;ZSTO;
0376 VELADERO FASE 8B /SAN JUAN;1015761;BOLSAS DE RESIDUOS 45X60 x ROLLO;ZPAN;1000079354;PICKEADO;4500115548;6/1/2026;6/1/2026;;2/1/2026;11/12/2025;C17;10137956;ZSSD;
0376 VELADERO FASE 8B /SAN JUAN;1016438;NEUMATICO 17.5 R25 MINERA SUELO ROCOSO;ZPAS;1000079937;SIN TRATAMIENTO;;;;;13/1/2026;22/12/2025;;;ZSTO;
0376 VELADERO FASE 8B /SAN JUAN;1016448;CORREA ALTERNADOR;ZPAS;1000080163;SIN TRATAMIENTO;;;;;19/1/2026;28/12/2025;;;ZSTO;
0376 VELADERO FASE 8B /SAN JUAN;1016494;CASCO CARCAZA GRIS;ZPAS;1000075510;DESPACHADO;;;8/10/2025;8/10/2025;22/10/2025;8/10/2025;;;ZSSD;
0376 VELADERO FASE 8B /SAN JUAN;1016938;SILICONA LIQUIDA BRILLO SILICONADO X5LT;ZPAN;1000079193;ADJUDICADO;4500115555;;;;30/12/2025;9/12/2025;C17;10137720;ZSSD;
0376 VELADERO FASE 8B /SAN JUAN;1016982;FOLIO A4 ST X100;ZPAN;1000080164;ADJUDICADO;4500116439;;;;19/1/2026;28/12/2025;C17;10139110;ZSSD;
0376 VELADERO FASE 8B /SAN JUAN;1016995;BROCHES FLEX CON FILO N50 X1000;ZPAN;1000080106;ADJUDICADO;4500116441;;;;16/1/2026;26/12/2025;C17;10138979;ZSSD;
0376 VELADERO FASE 8B /SAN JUAN;1017013;CORRECTOR LAPIZ 7MM;ZPAN;1000080040;ADJUDICADO;4500116439;;;;14/1/2026;23/12/2025;C17;10138901;ZSSD;
0376 VELADERO FASE 8B /SAN JUAN;1017046;CEPILLO VIOLIN P LAVAR COCHES;ZPAN;1000079193;ADJUDICADO;4500115548;;;;30/12/2025;9/12/2025;C17;10137720;ZSSD;
0376 VELADERO FASE 8B /SAN JUAN;1017048;FRANELA;ZPAN;1000080164;ADJUDICADO;4500116690;;;;19/1/2026;28/12/2025;C17;10139110;ZSSD;
0376 VELADERO FASE 8B /SAN JUAN;1017067;BATERIA P BALIZA 1000HS;ZPAN;1000079820;ADJUDICADO;4500115912;;;;9/1/2026;18/12/2025;C28;10138660;ZSSD;
0376 VELADERO FASE 8B /SAN JUAN;1017110;MATAFUEGO ABC X10KG;ZPAN;1000080239;PICKEADO;4500116632;6/1/2026;6/1/2026;;20/1/2026;30/12/2025;C28;10139321;ZSSD;
0376 VELADERO FASE 8B /SAN JUAN;1022634;CARTUCHO DE TINTA;SIN PEDIDO;;;;;;;;;;;ZSSD;
0376 VELADERO FASE 8B /SAN JUAN;1022874;CUCHILLA CENTRAL;ZPAS;1000080278;SIN TRATAMIENTO;;;;;14/1/2026;31/12/2025;;;ZSTO;
0376 VELADERO FASE 8B /SAN JUAN;1026078;LAMPARA 12V-H11 55W X UN;ZPAS;1000080438;SIN TRATAMIENTO;;;;;26/1/2026;6/1/2026;;;ZSTO;
0376 VELADERO FASE 8B /SAN JUAN;1026080;CEPILLO BARRENDERO 80CM XUN;ZPAN;1000079939;ADJUDICADO;4500116681;;;;13/1/2026;22/12/2025;C17;10138814;ZSSD;
0376 VELADERO FASE 8B /SAN JUAN;1026309;TOPE DE PUERTA;ZPAN;1000079926;DESPACHADO;4500116007;27/12/2025;27/12/2025;6/1/2026;13/1/2026;21/12/2025;C03;10138800;ZSTO;
0376 VELADERO FASE 8B /SAN JUAN;1026903;CORTA CORRIENTE;SIN PEDIDO;;;;;;;;;;;ZSTO;
0376 VELADERO FASE 8B /SAN JUAN;1027224;CUBIERTA 23.5 / R25;ZPAS;1000080278;EMBALADO PARCIAL;;;5/1/2026;;14/1/2026;31/12/2025;;;ZSTO;
0376 VELADERO FASE 8B /SAN JUAN;1028000;GRASA PARA RODAMIENTO X18KG SKF;SIN PEDIDO;;;;;;;;;;;ZSTO;
0376 VELADERO FASE 8B /SAN JUAN;1033415;FILTRO HIDRAULICO;ZPAS;1000079761;SIN TRATAMIENTO;;;;;8/1/2026;17/12/2025;;;ZSTO;
0376 VELADERO FASE 8B /SAN JUAN;1033416;FILTRO DE VENTEO;ZPAS;1000079761;SIN TRATAMIENTO;;;;;8/1/2026;17/12/2025;;;ZSTO;
0376 VELADERO FASE 8B /SAN JUAN;1034628;JUNTA DE BALANCINES;ZPAS;1000079879;SIN TRATAMIENTO;;;;;12/1/2026;19/12/2025;;;ZSTO;
0376 VELADERO FASE 8B /SAN JUAN;1046906;AMPOLLETA LUZ PERTIGA 12/24V;ZPAN;1000080040;ADJUDICADO;4500116556;;;;14/1/2026;23/12/2025;C03;10138901;ZSTO;
